ADM2|26|1274|1213498|Kota Tebing Tinggi|3.325|99.14167|Kota Tebing Tinggi,Kota Tebingtinggi,Kotamadya Tebingtinggi,Kotapradja Tebingtinggi,Tebing Tinggi
ADM2|26|1204|1213518|Kabupaten Tapanuli Tengah|1.9|98.66667|Central Tapanuli Regency,Daerah Tingkat II Tapanuli Tengah,Kabupaten Tapanuli Tengah
ADM2|26|1203|1213519|South Tapanuli Regency|1.51667|99.25|Daerah Tingkat II Tapanuli Selatan,Kabupaten Tapanuli Selatan,South Tapanuli Regency
ADM2|26|1272|1213546|Kota Tanjung Balai|2.95|99.8|Kota Kecil Tanjung Balai,Kota Tanjung Balai,Kota Tanjungbalai,Kotamadya Tandjungbalai,Kotamadya Tanjungbalai,Kotapradja Tandjungbalai
ADM1|26||1213642|North Sumatra|2|99|Amihanan nga Sumatra,Andalas Utara,Arewacin Sumatra,Bac Sumatera,Baek Sumatra,Báe̤k Sumatra,Bắc Sumatera,Daerah Tingkat I Sumatera Utara,Gogledd Sumatra,Ipar Sumatra,Kaaba Sumaatra,Kuzey Sumatra,Noord-Sumatra,Norda Sumatro,Nordsumatra,North Sumatra,Pak Sumatera,Pangulung Sumatra,Pet Su-mun-tap-liap-sen,Pet Sû-mùn-tap-lia̍p-sén,Pivnichna Sumatra,Pohjois-Sumatra,Pravincyja Paunochnaja Sumatra,Propinsi Sumatra Utara,Provinsi Sumatera Utara,Severna Sumatra,Severnaja Sumatra,Severni Sumatra,Severní Sumatra,Shimoliy Sumatra,Siaures Sumatra,Simal Sumatra,Sumatera Utara,Sumatra Baroh,Sumatra Barôh,Sumatra Kaler,Sumatra Kalér,Sumatra Kaskazini,Sumatra Lor,Sumatra Polnocna,Sumatra Północna,Sumatra Septentrional,Sumatra Setentrional,Sumatra Settentrionale,Sumatra Utara,Sumatra du Nord,Summatrai Shimol,Tүndik Summatra,Tүndүk Sumatra,Tөn'jak Summatra,Umar Sumatra,Woqooyi Sumaatra,bei su men da la,bei su men da la sheng,beisumatora zhou,canghwad sumatra henux,semeni sumatira,shmaly swmtrh,sumateulautala ju,swmatra shmaly,swmatray shmaly,swmtrt alshmalyt,utara sumatara,uttara sumatra,zpwn swmtrh,Şimal Sumatra,Šiaurės Sumatra,Правінцыя Паўночная Суматра,Північна Суматра,Северна Суматра,Северная Суматра,Сумматраи Шимол,Түндік Сумматра,Түндүк Суматра,Төньяк Сумматра,Умар Суматра,צפון סומטרה,سوماترا شمالی,سوماترای شمالی,سومطرة الشمالية,شمالي سومطره,شمالی سماٹرا,صوبہ اتلا سماٹرا,उत्तर सुमात्रा,উত্তর সুমাত্রা,ਉੱਤਰ ਸੁਮਾਤਰਾ,จังหวัดสุมาตราเหนือ,ჩრდილოეთი სუმატრა,ሰሜን ሱማትራ,北スマトラ州,北苏门答腊省,北蘇門答臘,수마트라우타라 주
ADM2|26|1209|1213765|Kabupaten Simalungun|2.88333|98.96667|Daerah Tingkat II Simelungun,Kabupaten Simalungun,Simalungun Regency
ADM2|26|1271|1213854|Kota Sibolga|1.74333|98.78694|Kota Sibolga,Kotamadya Sibolga,Kotapradja Sibolga
ADM2|01|1172|1214025|Kota Sabang|5.87944|95.33223|
ADM2|26|1273|1214203|Kota Pematang Siantar|2.96667|99.06667|Kota Pematang Siantar,Kotamadya Pematangsiantar,Kotapradja Pematangsiantar
ADM2|26|1201|1214405|Kabupaten Nias|1.06667|97.73333|Daerah Tingkat II Nias,Kabupaten Nias
ADM2|26|1275|1214519|Kota Medan|3.59333|98.66944|Kota Medan,Kotamadya Medan,Kotapradja Medan
ADM2|26|1213|1214728|Kabupaten Langkat|3.68528|98.21972|Daerah Tingkat II Langkat,Kabupaten Langkat,Langkat Regency
ADM2|26|1207|1214801|Kabupaten Labuhan Batu|2.26667|100.1|Daerah Tingkat II Labuhanbatu,Kabupaten Labuhan Batu,Kabupaten Labuhanbatu,Labuhan Batu,Labuhan Batu Regency
ADM2|26|1211|1214929|Kabupaten Karo|3.1|98.3|Daerah Tingkat II Karo,Kabupaten Karo,Karo Regency
ADM2|26|1212|1215200|Kabupaten Deli Serdang|3.43333|98.7|Daerah Tingkat II Deli Serdang,Deli Serdang Regency,Kabupaten Deli Serdang
ADM2|26|1210|1215221|Kabupaten Dairi|2.85|98.26667|Daerah Tingkat II Dairi,Dairi Regency,Kabupaten Dairi
ADM2|01|1171|1215501|Kota Banda Aceh|5.55556|95.32639|Kota Banda Aceh,Kotamadya Banda Aceh,Kotamadya Banda Atjeh,Kotapradja Banda Atjeh
ADM2|26|1208|1215554|Kabupaten Asahan|2.83333|99.56667|Asahan Regency,Daerah Tingkat II Asahan,Kabupaten Asahan
ADM2|01|1111|1215630|Kabupaten Aceh Utara|4.97|97.14|Daerah Tingkat II Atjeh Utara,Kabupaten Aceh Utara,Kabupaten Atjeh Utara,North Aceh Regency
ADM2|01|1105|1215631|Kabupaten Aceh Timur|4.61667|97.71667|East Aceh Regency,Kabupaten Aceh Timur
ADM2|01|1104|1215632|Kabupaten Aceh Tenggara|3.33333|97.7|Kabupaten Aceh Tenggara,Southeast Aceh Regency
ADM2|01|1106|1215633|Kabupaten Aceh Tengah|4.51|96.855|Central Aceh Regency,Daerah Tingkat II Atjeh Tengah,Kabupaten Aceh Tengah,Kabupaten Atjeh Tengah
ADM2|01|1103|1215634|Kabupaten Aceh Selatan|3.16667|97.4|Daerah Tingkat II Atjeh Selatan,Kabupaten Aceh Selatan,Kabupaten Atjeh Selatan,South Aceh Regency
ADM2|01|1108|1215635|Kabupaten Aceh Besar|5.4|95.5|Daerah Tingkat II Atjeh Besar,Great Aceh Regency,Kabupaten Aceh Besar,Kabupaten Atjeh Besar
ADM2|01|1107|1215636|Kabupaten Aceh Barat|4.43333|96.16667|Daerah Tingkat II Atjeh Barat,Kabupaten Aceh Barat,Kabupaten Atjeh Barat,West Aceh Regency
ADM1|01||1215638|Nanggroe Aceh Darussalam Province|4|97|Aachee,Aceh,Acekh,Aceх,Acheh,Achekh,Acheҳ,Achin,Daerah Istimewa Aceh,Daerah Istimewa Atjeh,Nanggroe Aceh Darussalam,Propinsi Atjeh,Propinsi Nanggroe Aceh Darussalam,Provinsi Nanggroe Aceh Darussalam,Special Region of Aceh,Special Territory of Aceh,ace,aceha,ache zhou,achh,achې,ʿecehi,Ачех,Ачеҳ,آچه,اچې,আচেহ,ਅਚੇ,አቼህ,アチェ州
ADM2|10|3471|1621175|Kota Yogyakarta|-7.8|110.375|Kota Yogyakarta,Kotamadya Jogjakarta,Kotamadya Yogyakarta,Kotapradja Jogjakarta,Yogyakarta
ADM1|10||1621176|Daerah Istimewa Yogyakarta|-7.8008|110.34393|Daerah Istimewa Djogjakarta,Daerah Istimewa Jogjakarta,Daerah Istimewa Yogyakarta,Jogjakarta,Jugjakarta,Special District of Jogjakarta,Special Region of Yogyakarta,Yogyakarta,Yoqyakarta,jogajakarata,jogujakaruta zhou,yogyakarta,yoግyakarita,ywgyakarta,ywګyakarta,Йогякарта,Йўғякарта,یوګیاکارتا,یوگیاکارتا,যোগ্যাকার্তা,ਜੋਗਜਾਕਾਰਤਾ,ዮግያካርታ,ジョグジャカルタ州
ADM2|36|9426|1621238|Kabupaten Waropen|-2.73008|136.64568|Kabupaten Japen Waropen,Kabupaten Yapen Waropen,Waropen Regency,Yapen Waropen
ADM2|07|3312|1621430|Kabupaten Wonogiri|-7.91667|111|Daerah Tingkat II Wonogiri,Kabupaten Wonogiri,Wonogiri,Wonogiri Regency
ADM2|38|7313|1622267|Kabupaten Wajo|-4|120.16667|Daerah Tingkat II Wadjo,Kabupaten Wadjo,Kabupaten Wajo,Wajo,Wajo Regency
ADM2|38|7371|1622785|Kota Makassar|-5.13333|119.46667|Kodya Ujungpandang,Kota Makassar,Kotamadya Makasar,Kotamadya Makassar,Kotamadya Ujungpadang,Kotamadya Ujungpandang,Kotapradja Makasar,Kotapradja Makassar,Makassar
ADM2|08|3504|1623079|Kabupaten Tulungagung|-8.13333|111.91667|Daerah Tingkat II Tulungagung,Kabupaten Tulungagung,Tulungagung,Tulungagung Regency
ADM2|08|3523|1623178|Kabupaten Tuban|-6.95|111.89167|Daerah Tingkat II Tuban,Kabupaten Tuban,Tuban Regency
ADM2|08|3503|1623250|Kabupaten Trenggalek|-8.15972|111.62639|Daerah Tingkat II Trenggalek,Kabupaten Trenggalek,Trenggalek,Trenggalek Regency
ADM2|18|5305|1623839|Kabupaten Timor Tengah Utara|-9.33136|124.51904|Daerah Tingkat II Timor Tengah Utara,Kabupaten Timor Tengah Utara,North Central Timor Regency
ADM2|18|5304|1623840|Kabupaten Timor Tengah Selatan|-9.83333|124.4|Daerah Tingkat II Timor Tengah Selatan,Kabupaten Timor Tengah Selatan,South Central Timor Regency
ADM2|07|3323|1624237|Kabupaten Temanggung|-7.25|110.13333|Daerah Tingkat II Temanggung,Kabupaten Temanggung,Temanggung,Temanggung Regency
ADM2|07|3328|1624493|Kabupaten Tegal|-7.03333|109.16667|Daerah Tingkat II Tegal,Kabupaten Tegal,Tegal,Tegal Regency
ADM2|30|3278|1624645|Kota Tasikmalaya|-7.35472|108.22139|Kota Administratip Tasikmalaya,Kota Tasikmalaya,Tasikmalaya
ADM2|30|3206|1624646|Kabupaten Tasikmalaya|-7.5|108.15|Daerah Tingkat II Tasikmalaja,Kabupaten Tasikmalaja,Kabupaten Tasikmalaya,Tasikmalaya,Tasikmalaya Regency
ADM2|12|6305|1624750|Kabupaten Tapin|-2.96667|115.03333|Kabupaten Tapin,Tapin Regency
ADM2|15|1871|1624916|Kota Bandar Lampung|-5.41667|105.26667|Kabupaten Tanjungkarang-Telukbetung,Kodya Bandarlampung,Kota Bandar Lampung,Kotamadya Bandarlampung,Kotamadya Tanjungkarang-Telukbetung,Kotapradja Tandjungkarang-Telukbetung
ADM2|33|3603|1625083|Kabupaten Tangerang|-6.16667|106.48333|Daerah Tingkat II Tangerang,Kabupaten Tangerang,Kota Tangerang
ADM2|38|7318|1625123|Kabupaten Tana Toraja|-3.05671|119.7617|Daerah Tingkat II Tana Toradja,Kabupaten Tana Toradja,Kabupaten Tanatoraja,TTR,Tana Toraja Regency,Tanatoraja
ADM2|12|6301|1625166|Kabupaten Tanah Laut|-3.85|114.83333|Kabupaten Tanah Laut,Kabupaten Tanahlaut,Tanah Laut Regency
ADM2|38|7305|1625545|Kabupaten Takalar|-5.41667|119.5|Daerah Tingkat II Takalar,Kabupaten Takalar,Takalar,Takalar Regency,Takalor
ADM2|02|5102|1625707|Kabupaten Tabanan|-8.43333|115.08333|Daerah Tingkat II Tabanan,Kabupaten Tabanan,Tabanan Regency
ADM2|12|6309|1625714|Kabupaten Tabalong|-1.83333|115.55|Kabupaten Tabalong,Tabalong Regency
ADM2|07|3372|1625811|Kota Surakarta|-7.55806|110.82333|Kota Surakarta,Kotamadya Surakarta,Kotapradja Surakarta,Solo,Surakarta
ADM2|08|3578|1625820|Kota Surabaya|-7.275|112.71667|Kota Surabaya,Kotamadya Surabaja,Kotamadya Surabaya,Kotapradja Surabaja,Surabaya
ADM2|30|3211|1626102|Kabupaten Sumedang|-6.83333|107.98333|Daerah Tingkat II Sumedang,Kabupaten Sumedang,Sumedang
ADM2|18|5302|1626190|Kabupaten Sumba Timur|-9.88167|120.215|Daerah Tingkat II Sumba Timur,Kabupaten Sumba Timur
ADM2|18|5301|1626193|Kabupaten Sumba Barat|-9.63333|119.41667|Daerah Tingkat II Sumba Barat,Kabupaten Sumba Barat,West Sumba Regency
ADM1|32||1626196|Sumatera Selatan|-2.75|103.83333|Andalas Selatan,Cənub Sumatra,Daerah Tingkat I Sumatera Selatan,De Sumatra,Etelae-Sumatra,Etelä-Sumatra,Gueney Sumatra,Güney Sumatra,Janubiy Sumatera,Jizni Sumatra,Jižní Sumatra,Juzhna Sumatra,Juzhnaja Sumatra,Kibbaa Sumaatra,Koonfur Sumaatra,Kudu Sumatra,Kөn'jak Summatra,Mauling Sumatra,Nam Su-mun-tap-liap-sen,Nam Sumatera,Nang Sumatra,Nàm Sû-mùn-tap-lia̍p-sén,Nàng Sumatra,Oңtүstik Summatra,Pietu Sumatra,Pietų Sumatra,Pivdenna Sumatra,Propinsi Sumatera Selatan,Propinsi Sumatra Selatan,Provinsi Sumatera Selatan,Salatan nga Sumatra,South Sumatra,Southern Sumatra,Suda Sumatro,Sumatera Selatan,Sumatra Kidul,Sumatra Kusini,Sumatra Meridional,Sumatra Meridionale,Sumatra Poludniowa,Sumatra Południowa,Sumatra Selatan,Sumatra Seulatan,Sumatra du Sud,Summatrai Ҷanub,Sydsumatra,Tүshtүk Sumatra,Zuid-Sumatra,dakhana sumatara,daksina sumatra,debubi sumatira,nan su men da la,nan su men da la sheng,nansumatora zhou,sumateulaseullatan ju,swmatra hargh,swmatray jnwby,swmtrt aljnwbyt,swyly swmtrh,terku cumattira makanam,Јужна Суматра,Көньяк Сумматра,Оңтүстік Сумматра,Південна Суматра,Сумматраи Ҷануб,Түштүк Суматра,Южна Суматра,Южная Суматра,Өмнө Суматра,جنوبی سماٹرا,سوماترا هارگه,سوماترای جنوبی,سومطرة الجنوبية,سویلي سومطره,صوبہ دکھنی سماٹرا,दक्षिण सुमात्रा,দক্ষিণ সুমাত্রা,ਦੱਖਣ ਸੁਮਾਤਰਾ,தெற்கு சுமாத்திரா மாகாணம்,จังหวัดสุมาตราใต้,სამხრეთი სუმატრა,ደቡብ ሱማትራ,南スマトラ州,南苏门答腊省,南蘇門答臘,南蘇門答臘省,수마트라슬라탄 주
ADM1|24||1626197|Provinsi Sumatera Barat|-1|100.5|Batys Summatra,Batysh Sumatra,Daerah Tingkat I Sumatera Barat,G'arbiy Sumatera,Galbeed Sumaatra,Giddu Sumaatra,Kөnbatysh Summatra,Laensi-Sumatra,Länsi-Sumatra,Propinsi Sumatera Barat,Provinsi Sumatera Barat,Qərb Sumatra,Sumatera Barat,Sumatera Kulon,Sumatra Barat,Sumatra Magharibi,Sumatra Occidental,Sumatra Ocidental,Sumatra Zachodnia,Sumatra occidental,Summatrai Garb,Tay Sumatera,Tây Sumatera,West Sumatra,West-Sumatra,Yamma Sumatra,lwydyz swmtrh,pachama sumatara,pascima sumatra,swmtrh ghrby,swmtrt alghrbyt,swmtrt ghrb,xisumatora zhou,Батыс Сумматра,Батыш Суматра,Көнбатыш Сумматра,Сумматраи Ғарб,سومطرة الغربية,سومطرة غرب,سومطره غربی,لویدیز سومطره,পশ্চিম সুমাত্রা,ਪੱਛਮ ਸੁਮਾਤਰਾ,ምʾirabi sumatira,ምዕራብ ሱማትራ,西スマトラ州
ADM1|31||1626229|Sulawesi Utara|1.25|124.83333|Amihanan nga Sulawesi,Arewacin Sulawesi,Bac Sulawesi,Baek Sulawesi,Báe̤k Sulawesi,Bắc Sulawesi,Celebes Polnocny,Celebes Północny,Celebes Septentrional,Celebes Setentrional,Célebes Septentrional,Daerah Tingkat I Sulawesi Utara,Kaaba Sulawesi,Kuzey Sulawesi,Noord-Celebes,Nord-Sulawesi,Norda Sulaveso,North Sulawesi,Pak Sulawesi,Pet Su-la-vi-si-sen,Pet Sû-lâ-vî-sî-sén,Pivnichne Sulavesi,Pohjois-Sulawesi,Pravincyja Paunochny Sulavesi,Propinsi Sulawesi Utara,Provinsi Sulawesi Utara,Severni Sulavesi,Severni Sulawesi,Severno Sulavesi,Severnyj Sulavesi,Severní Sulawesi,Shimoliy Sulawesi,Siaures Sulavesis,Simal Sulawesi,Sulavesii Shimol,Sulawesi Baroh,Sulawesi Kaler,Sulawesi Kalér,Sulawesi Kaskazini,Sulawesi Lor,Sulawesi Settentrionale,Sulawesi Utara,Sulawesi du Nord,Sulawèsi Barôh,Tүndik Sulavesi,Tүndүk Sulavesi,Tөn'jak Sulavesi,Umar Sulavesi,Woqooyi Sulawesi,bei su la wei xi,bei su la wei xi sheng,beisuraueshi zhou,chrdiloeti sulavesi,semeni sulawawesi,shmaly swlawysy,sullawesiutala ju,swlawsy alshmalyt,swlawsy shmaly,utara sulavesi,uttara sula'oyesi,uttara sulavesi,Şimal Sulawesi,Šiaurės Sulavesis,Правінцыя Паўночны Сулавесі,Північне Сулавесі,Северни Сулавеси,Северно Сулавеси,Северный Сулавеси,Сулавесии Шимол,Түндік Сулавеси,Түндүк Сулавеси,Төньяк Сулавеси,Умар Сулавеси,سولاوسي الشمالية,سولاوسی شمالی,شمالي سولاویسی,شمالی سولاویسی,صوبہ اتلا سولاویسی,उत्तर सुलावेसी,উত্তর সুলাওয়েসি,ਉੱਤਰ ਸੁਲਾਵੇਸੀ,ჩრდილოეთი სულავესი,ሰሜን ሱላዋዌሲ,北スラウェシ州,北苏拉威西省,北蘇拉威西,北蘇拉威西省,술라웨시우타라 주
ADM1|22||1626230|Sulawesi Tenggara|-4.3935|122.2149|Cənub-Sərq Sulawesi,Cənub-Şərq Sulawesi,Daerah Tingkat I Sulawesi Tenggara,Janubi-Sharqiy Sulawesi,Kibbaa-Baafata Sulawesi,Koonfur-Xagejifka Sulawesi,Kudu-Gabas Sulawesi,Propinsi Sulawesi Tenggara,Provinsi Sulawesi Tenggara,Southeast Sulawesi,Sulavesii Ҷanubi-Sharkˌi,Sulawesi Kidul-Wetan,Sulawesi Kidul-Wétan,Sulawesi Kusini-Mashariki,Sulawesi Sudeste,Sulawesi Suroriental,Sulawesi Tenggara,Sulawesi du Sud-Est,Tүshtүk-chygysh Sulavesi,Tүsinigi-shygysty Sulavesi,dakhana-purava sulavesi,daksinapurba sula'oyesi,debubi-ምsiraqi sulawawesi,nan dongsuraueshi zhou,swlawsy jnwb‌shrqy,swyl khtyځ swlawysy,Сулавесии Ҷануби-Шарқӣ,Түсінігі-шығысты Сулавеси,Түштүк-чыгыш Сулавеси,سولاوسی جنوب‌شرقی,سویل ختیځ سولاویسی,দক্ষিণপূর্ব সুলাওয়েসি,ਦੱਖਣ-ਪੂਰਵ ਸੁਲਾਵੇਸੀ,ደቡብ-ምስራቅ ሱላዋዌሲ,南東スラウェシ州
ADM1|21||1626231|Sulawesi Tengah|-0.9166|122.3538|Borbor Sulavesi,Butnga nga Sulawesi,Celebas del Centre,Celebes Central,Celebes Srodkowy,Celebes Środkowy,Centra Sulaveso,Central Sulawesi,Central'ne Sulavesi,Central'nyj Sulavesi,Centralni Sulavesi,Centralno Sulavesi,Centrinis Sulavesis,Chung Su-la-vi-si-sen,Chûng Sû-lâ-vî-sî-sén,Célebes Central,Daerah Tingkat I Sulawesi Tengah,Dhexe Sulawesi,Dung Sulawesi,Dṳ̆ng Sulawesi,Giddu Sulawesi,Keski-Sulawesi,Markaziy Sulawesi,Midden-Celebes,Mərkəzi Sulawesi,Orta Sulawesi,Ortalykˌ Sulavesi,Pravincyja Cehntral'ny Sulavesi,Propinsi Sulawesi Tengah,Provinsi Sulawesi Tengah,Stredni Sulawesi,Střední Sulawesi,Sulavesii Markazi,Sulawesi Centrale,Sulawesi Kati,Sulawesi Tengah,Sulawesi central,Trung Sulawesi,Tsakiyar Sulawesi,kendari sulavesi,kendriya sula'oyesi,madhya sulavesi,mekakelenya sulawawesi,mrkzy swlawysy,sullawesiteung-a ju,swlawsy alwsty,swlawsy mrkzy,wsty swlawysy,zhong busuraueshi zhou,zhong su la wei xi,zhong su la wei xi sheng,Борбор Сулавеси,Орталық Сулавеси,Правінцыя Цэнтральны Сулавесі,Сулавесии Марказӣ,Төв Сулавеси,Централни Сулавеси,Централно Сулавеси,Центральне Сулавесі,Центральный Сулавеси,Үzək Sulavesi,Үзәк Сулавеси,سولاوسي الوسطى,سولاوسی مرکزی,صوبہ گھبلا سولاویسی,مرکزی سولاویسی,وسطی سولاویسی,मध्य सुलावेसी,কেন্দ্রীয় সুলাওয়েসি,ਕੇਂਦਰੀ ਸੁਲਾਵੇਸੀ,ცენტრალური სულავესი,መካከለኛ ሱላዋዌሲ,中苏拉威西省,中蘇拉威西,中蘇拉威西省,中部スラウェシ州,술라웨시틍아 주
ADM1|38||1626232|Provinsi Sulawesi Selatan|-4.33333|120.25|Celebes Poludniowy,Celebes Południowy,Cənub Sulawesi,Daerah Tingkat I Sulawesi Selatan,Etelae-Sulawesi,Etelä-Sulawesi,Janubiy Sulawesi,Kibbaa Sulawesi,Koonfur Sulawesi,Kudu Sulawesi,Kөn'jak Sulavesi,Oңtүstik Sulavesi,Propinsi Sulawesi Selatan,Provinsi Sulawesi Selatan,South Sulawesi,Sulavesii Ҷanub,Sulawesi Kidul,Sulawesi Kusini,Sulawesi Meridional,Sulawesi Meridionale,Sulawesi Selatan,Sulawesi du Sud,Tүshtүk Sulavesi,Zuid-Celebes,dakhana sulavesi,daksina sula'oyesi,debubi sulawawesi,nansuraueshi,nansuraueshi zhou,swlawsy aljnwbyt,swlawsy jnwby,swyly swlawysy,Көньяк Сулавеси,Оңтүстік Сулавеси,Сулавесии Ҷануб,Түштүк Сулавеси,سولاوسي الجنوبية,سولاوسی جنوبی,سویلي سولاویسی,দক্ষিণ সুলাওয়েসি,ਦੱਖਣ ਸੁਲਾਵੇਸੀ,ደቡብ ሱላዋዌሲ,南スラウェシ,南スラウェシ州
ADM2|07|3311|1626271|Kabupaten Sukoharjo|-7.67889|110.86389|Daerah Tingkat II Sukohardjo,Kabupaten Sukohardjo,Kabupaten Sukoharjo,Sukoharjo,Sukoharjo Regency
ADM2|30|3272|1626379|Kota Sukabumi|-6.93333|106.93333|Kota Sukabumi,Kotamadya Sukabumi,Kotapradja Sukabumi,Sukabumi
ADM2|30|3202|1626380|Kabupaten Sukabumi|-7.07278|106.74333|Daerah Tingkat II Sukabumi,Kabupaten Sukabumi,Sukabumi,Sukabumi Regency
ADM2|PD|9107|1626541|Kabupaten Sorong|-1.1|131.51667|Daerah Tingkat II Manokwari,Kabupaten Sorong,Sorong Regency
ADM2|24|1372|1626645|Kota Solok|-0.77853|100.63982|Kota Solok,Kotamadya Solok,Kotapradja Solok,Solok Regency
ADM2|24|1303|1626646|Kabupaten Solok|-0.96667|100.83333|Daerah Tingkat II Solok,Kabupaten Solok,Solok Regency
ADM2|11|6107|1626886|Kabupaten Sintang|-0.08333|112.08333|Daerah Tingkat II Sintang,Kabupaten Sintang,Sintang,Sintang Regency
ADM2|38|7307|1626894|Kabupaten Sinjai|-5.2|120.13333|Daerah Tingkat II Sindjai,Kabupaten Sindjai,Kabupaten Sinjai,Sinjai
ADM2|18|5310|1627182|Kabupaten Sikka|-8.68333|122.33333|Daerah Tingkat II Sika,Kabupaten Sika,Kabupaten Sikka,Sikka Regency
ADM2|08|3515|1627252|Kabupaten Sidoarjo|-7.45|112.7|Daerah Tingkat II Sidoardjo,Kabupaten Sidoardjo,Kabupaten Sidoarjo,Sidoarjo,Sidoarjo Regency
ADM2|38|7314|1627258|Kabupaten Sidenreng Rappang|-3.86667|119.96667|Daerah Tingkat II Sidenreng-Rappang,Kabupaten Sidenreng Rappang,Kabupaten Sidenreng-Rapang,Kabupaten Sidenrengrappang,Sidenreng,Sidenreng Rappang,Sidenreng Rappang Regency
ADM2|13|6208|1627443|Kabupaten Seruyan|-2.55|112.25|Kabupaten Serujan,Kabupaten Seruyan,Seruyan Regency
ADM2|33|3604|1627545|Kabupaten Serang|-6.15|105.96667|Daerah Tingkat II Serang,Kabupaten Serang,Serang Regency
ADM2|07|3374|1627893|Kota Semarang|-7.025|110.385|Kota Semarang,Kotamadya Semarang,Kotapradja Semarang,Semarang
ADM2|38|7301|1628015|Selayar Islands Regency|-6.81667|120.8|Daerah Tingkat II Selajar,Kabupaten Kepulauan Selayar,Kabupaten Selajar,Kabupaten Selayar,Selayar Islands Regency
ADM2|24|1373|1628471|Kota Sawah Lunto|-0.6|100.75|Kota Sawah Lunto,Kotamadya Sawahlunto,Kotapradja Sawahlunto,Sawah Lunto
ADM2|05|1503|1628580|Kabupaten Sarolangun|-2.26667|102.73333|Kabupaten Sarolangun,Kabupaten Sarolangun II,Sarolangun Regency
ADM2|31|7103|1628775|Kabupaten Kepulauan Sangihe|3.55|125.55|Daerah Tingkat II Kepulauan Sangihe dan Talaud,Daerah Tingkat II Kepulauan Sangihe-Talaud,Kabupaten Kepulauan Sangihe,Kabupaten Kepulauan Sangihe dan Talaud,Kabupaten Sangihe-Talaud,Kabupaten Sangir Talaud,Kepulauan Sangihe Talaut,Sangihe Islands Regency
ADM2|11|6105|1628799|Kabupaten Sanggau|0.21667|110.46667|Daerah Tingkat II Sanggau,Kabupaten Sanggau,Sanggau Regency
ADM2|08|3527|1628896|Kabupaten Sampang|-7.05|113.25|Daerah Tingkat II Sampang,Kabupaten Sampang,Sampang,Sampang Regency
ADM2|11|6101|1628978|Kabupaten Sambas|1.43333|109.35|Daerah Tingkat II Sambas,Kabupaten Sambas,Sambas Regency
ADM2|14|6472|1629000|Kota Samarinda|-0.5|117.14|Kota Samarinda,Kotamadya Samarinda,Kotapradja Samarinda
ADM1|37||1629652|Provinsi Riau|0.5005|101.749|Daerah Tingkat I Riau,Propinsi Riau,Provinsi Riau,Riau,Riauw,Riouw,Riyo,ri'a'u,riau zhou,riya'u,riyaው,ryaw,Риау,ریاو,রিয়াউ,ਰਿਆਉ,ሪያው,リアウ州
ADM2|07|3317|1629746|Kabupaten Rembang|-6.78333|111.46667|Daerah Tingkat II Rembang,Kabupaten Rembang,Rembang,Rembang Regency
ADM2|03|1702|1629764|Kabupaten Rejang Lebong|-3.41667|102.71667|Daerah Tingkat II Redjang Lebong,Kabupaten Redjang Lebong,Kabupaten Rejang Lebong,Kabupaten Rejanglebong,Rejang Lebong Regency
ADM2|PD|9108|1630210|Kabupaten Raja Ampat|-1.86521|130.06648|Kabupaten Raja Ampat,Raja Ampat Regency
ADM2|07|3306|1630324|Kabupaten Purworejo|-7.7|109.96667|Daerah Tingkat II Purworedjo,Kabupaten Purworedjo,Kabupaten Purworejo,Purworejo,Purworejo Regency
ADM2|30|3214|1630340|Kabupaten Purwakarta|-6.6|107.43333|Daerah Tingkat II Purwakarta,Kabupaten Purwakarta,Purwakarta,Purwakarta Regency
ADM2|08|3574|1630632|Kota Probolinggo|-7.775|113.20833|Kota Probolinggo,Kotamadya Probolinggo,Kotapradja Probolinggo,Probolinggo
ADM2|08|3513|1630633|Kabupaten Probolinggo|-7.85|113.3|Daerah Tingkat II Probolinggo,Kabupaten Probolinggo,Probolinggo,Probolinggo Regency
ADM2|21|7204|1630720|Kabupaten Poso|-1.68333|120.51667|Daerah Tingkat II Poso,Kabupaten Poso,Poso Regency
ADM2|11|6171|1630787|Kota Pontianak|0.00832|109.33146|Kota Pontianak,Kotamadya Pontianak,Kotapradja Pontianak
ADM2|11|6104|1630788|Kabupaten Mempawah|0.25|109.16667|Daerah Tingkat II Pontianak,Kabupaten Mempawah,Kabupaten Pontianak,Mempawah,Mempawah Regency
ADM2|08|3502|1630797|Kabupaten Ponorogo|-7.93333|111.5|Daerah Tingkat II Ponorogo,Kabupaten Ponorogo,Ponorogo,Ponorogo Regency
ADM2|41|7602|1630933|Kabupaten Polewali Mandar|-3.31667|119.15|Daerah Tingkat II Polewali Mamasa,Kabupaten Polewali Mandar,Kabupaten Polewalimamasa,Polewali Mandar,Polewali Mandar Regency
ADM2|38|7315|1631102|Kabupaten Pinrang|-3.61667|119.6|Daerah Tingkat II Pinrang,Kabupaten Pinrang,Pinrang,Pinrang Regency
ADM2|24|1302|1631300|Kabupaten Pesisir Selatan|-1.56806|100.81694|Daerah Tingkat II Pasisir Selatan,Kabupaten Pesisir Selatan,Pasisir,Pesisir Selatan Regency
ADM2|07|3327|1631647|Kabupaten Pemalang|-7.05|109.38333|Daerah Tingkat II Pemalang,Kabupaten Pemalang,Pemalang,Pemalang Regency
ADM2|37|1471|1631760|Kota Pekanbaru|0.55|101.48333|Kota Pekanbaru,Kotamadya Pakanbaru,Kotamadya Pekanbaru,Kotapradja Pakanbaru
ADM2|07|3375|1631763|Kota Pekalongan|-6.89333|109.67583|Kota Pekalongan,Kotamadya Pekalongan,Kotapradja Pekalongan,Pekalongan
ADM2|PE|9402|1631789|Kabupaten Jayawijaya|-4.08333|138.91667|Jayawijaya Regency,Kabupaten Djajawidjaja Timur,Kabupaten Jaya Wijaya,Kabupaten Jayawijaya,Kabupaten Jayawijaya Timur,Kabupaten Pegunungan Jayawijaya
ADM2|24|1376|1631904|Kota Payakumbuh|-0.21667|100.63333|Kota Payakumbuh,Kotamadya Pajakumbuh,Kotamadya Payakumbuh,Kotapradja Pajakumbuh
ADM2|07|3318|1631990|Kabupaten Pati|-6.73333|111.08333|Daerah Tingkat II Pati,Kabupaten Pati,Pati,Pati Regency
ADM2|08|3575|1632031|Kota Pasuruan|-7.65|112.90833|Kota Pasuruan,Kotamadya Pasuruan,Kotapradja Pasuruan,Pasoeroean,Pasuruan
ADM2|08|3514|1632032|Kabupaten Pasuruan|-7.75|112.83333|Daerah Tingkat II Pasuruan,Kabupaten Pasuruan,Pasuruan Regency
ADM2|38|7372|1632352|Kota Parepare|-4.03333|119.66667|Kota Pare-pare,Kota Parepare,Kotamadya Parepare,Kotapradja Parepare,Parepare
ADM2|PT|9410|1632622|Kabupaten Paniai|-3.83333|136.41667|Kabupaten Djajawidjaja Barat,Kabupaten Jayawijaya Barat,Kabupaten Paniai,Paniai Regency
ADM2|35|1971|1632653|Kota Pangkal Pinang|-2.11667|106.11667|Kota Pangkal Pinang,Kotamadya Pangkalpinang,Kotapraja Pangkalpinang
ADM2|38|7309|1632723|Kabupaten Pangkajene Dan Kepulauan|-4.7827|119.5506|Daerah Tingkat II Pangkadjene dan Kepulauan,Kabupaten Pangkadjene,Kabupaten Pangkajene,Kabupaten Pangkajene Kepulauan,Kabupaten Pangkajene dan Kepulauan,Pangkajene Islands Regency,Pangkajene dan Kepulauan
ADM2|33|3601|1632822|Kabupaten Pandeglang|-6.49861|105.89167|Daerah Tingkat II Pandeglang,Kabupaten Pandegelang,Kabupaten Pandeglang,Pandeglang
ADM2|08|3512|1632902|Kabupaten Situbondo|-7.68333|114.03333|Daerah Tingkat II Panarukan,Kabupaten Panarukan,Kabupaten Situbondo,Situbondo,Situbondo Regency
ADM2|08|3528|1632977|Kabupaten Pamekasan|-7.06667|113.5|Daerah Tingkat II Pamekasan,Kabupaten Pamekasan,Pamekasan
ADM2|21|7271|1633033|Kota Palu|-0.86972|119.9|Kota Palu,Kota administratip Palu,Palu
ADM2|32|1671|1633069|Kota Palembang|-2.96667|104.75|Kota Palembang,Kotamadya Palembang,Kotapradja Palembang
ADM2|13|6271|1633117|Kota Palangka Raya|-1.76979|113.73126|Kotamadya Palangkaraja,Kotamadya Palangkaraya
ADM2|24|1306|1633373|Kabupaten Padang Pariaman|-0.55|100.23333|Kabupaten Padang Pariaman,Padang Pariaman Regency,Pati
ADM2|24|1374|1633374|Kota Padang Panjang|-0.46953|100.40364|Kota Padang Panjang,Kotamadya Padangpandjang,Kotamadya Padangpanjang,Kotapradja Padangpandjang
ADM2|24|1371|1633407|Kota Padang|-0.9|100.45|Kota Padang,Kotamadya Padang,Kotapradja Padang
ADM2|08|3501|1633438|Kabupaten Pacitan|-8.125|111.17806|Daerah Tingkat II Patjitan,Kabupaten Pacitan,Kabupaten Patjitan,Pacitan,Pacitan Regency
ADM2|32|1601|1633658|Kabupaten Ogan Komering Ulu|-4.13333|104.06667|Daerah Tingkat II Ogan Komering Ulu,Kabupaten Ogan Komering Hulu,Kabupaten Ogan Komering Ulu,Kabupaten Ogan dan Komering Ulu,Ogan Komering Ulu Regency
ADM2|32|1602|1633659|Kabupaten Ogan Komering Ilir|-3.35|105.38333|Daerah Tingkat II Ogan Komering Ilir,Kabupaten Ogan Komering Ilir,Ogan Komering Ilir Regency
ADM1|18||1633791|East Nusa Tenggara|-8.65738|121.07937|Aust-Nusa Tenggara,Baafata Nusa Tenggara,Chygysh Nusa Tenggara,Daerah Tingkat I Nusa Tenggara Timur,East Nusa Tenggara,Gabas Nusa Tenggara,Nusa Tangorai Sharkˌi,Nusa Tenggara Mashariki,Nusa Tenggara Oriental,Nusa Tenggara Timur,Nusa Tenggara Wetan,Nusa Tenggara Wétan,Ost-Nusa Tenggara,Petites iles de la Sonde orientales,Petites îles de la Sonde orientales,Provinsi Nusa Tenggara Timur,Sharqiy Nusa Tenggara,Shygysty Nusa Tenggara,Sərq Nusa Tenggara,Xagejifka Nusa Tenggara,dong nu sha deng jia la,dong nu sha deng jia la sheng,dongnusatoungara zhou,khtyځ nwsa tnګarh,nwsa tngara shrqy,purava nusa ten'gara,purba nusa tengara,Øst-Nusa Tenggara,Şərq Nusa Tenggara,Нуса Тангораи Шарқӣ,Чыгыш Нуса Тенггара,Шығысты Нуса Тенггара,ختیځ نوسا تنګاره,نوسا تنگارا شرقی,পূর্ব নুসা তেঙ্গারা,ਪੂਰਵ ਨੂਸਾ ਤੇਨ੍ਗਰਾ,ምsiraqi nusa tenigara,ምስራቅ ኑሳ ተንጋራ,東ヌサトゥンガラ州,東努沙登加拉,東努沙登加拉省
ADM1|17||1633792|West Nusa Tenggara|-8.74|117.5333|Batys Nusa Tenggara,Batysh Nusa Tenggara,G'arbiy Nusa Tenggara,Galbeed Nusa Tenggara,Giddu Nusa Tenggara,Kөnbatysh Nusa Tenggara,Nusa Tangorai Garb,Nusa Tenggara Barat,Nusa Tenggara Kulon,Nusa Tenggara Magharibi,Nusa Tenggara Occidental,Nusa Tenggara Ocidental,Petites iles de la Sonde occidentales,Petites îles de la Sonde occidentales,Propinsi Nusa Tenggara Barat,Provinsi Nusa Tenggara Barat,Qərb Nusa Tenggara,West Nusa Tenggara,Yamma Nusa Tenggara,lwydyz nwsa tnګarh,nwsa tngara ghrby,pachama nusa ten'gara,pascima nusa tengara,xinusatoungara zhou,Батыс Нуса Тенггара,Батыш Нуса Тенггара,Көнбатыш Нуса Тенггара,Нуса Тангораи Ғарб,لویدیز نوسا تنګاره,نوسا تنگارا غربی,পশ্চিম নুসা তেঙ্গারা,ਪੱਛਮ ਨੂਸਾ ਤੇਨ੍ਗਰਾ,ምʾirabi nusa tenigara,ምዕራብ ኑሳ ተንጋራ,西ヌサトゥンガラ州
ADM2|08|3518|1634130|Kabupaten Nganjuk|-7.56667|111.95|Daerah Tingkat II Ngandjuk,Kabupaten Ngandjuk,Kabupaten Nganjuk,Nganjuk,Nganjuk Regency
ADM2|18|5312|1634193|Kabupaten Ngada|-8.66667|121|Daerah Tingkat II Ngada,Kabupaten Ngada,Ngada Regency
ADM2|32|1605|1634643|Kabupaten Musi Rawas|-3.16667|103.21667|Daerah Tingkat II Musi Rawas,Kabupaten Musi Hulu Rawas,Kabupaten Musi Rawas,Kabupaten Musirawas,Mura,Musi Rawas Regency
ADM2|32|1606|1634644|Kabupaten Musi Banyuasin|-2.46667|103.73333|Daerah Tingkat II Musi Banjuasin,Kabupaten Musi Banyuasin,Kabupaten Musi Hilir Banjuasin,Kabupaten Musi Hilir Banyuasin,Kabupaten Musibanyuasin,Musi Banyuasin Regency,Musi Ilir Banyuasin
ADM2|13|6213|1634654|Kabupaten Murung Raya|-0.03333|114.28333|Kabupaten Murung Raja,Kabupaten Murung Raya,Murung Raya Regency
ADM2|22|7402|1634727|Kabupaten Muna|-4.96667|122.66667|Daerah Tingkat II Muna,Kabupaten Muna,Muna Regency
ADM2|08|3576|1635109|Kota Mojokerto|-7.47083|112.4375|Kota Mojokerto,Kotamadya Modjokerto,Kotamadya Mojokerto,Kotapradja Modjokerto,Mojokerto
ADM2|08|3516|1635110|Kabupaten Mojokerto|-7.55|112.48333|Daerah Tingkat II Modjokerto,Kabupaten Modjokerto,Kabupaten Mojokerto,Mojokerto,Mojokerto Regency
ADM2|PS|9401|1635387|Kabupaten Merauke|-7.69611|139.68194|Daerah Tingkat II Merauke,Kabupaten Merauke,Merauke Regency
ADM2|17|5271|1635881|Kota Mataram|-8.58333|116.11667|Kota Administratip Mataram,Kota Mataram,Kotamadya Mataram
ADM2|38|7308|1636028|Kabupaten Maros|-5.05|119.68333|Daerah Tingkat II Maros,Kabupaten Maros,Maros,Maros Regency
ADM2|39|9105|1636306|Kabupaten Manokwari|-0.9|133.73333|Daerah Tingkat II Manokwari,Kabupaten Manokwari,Manokwari Regency
ADM2|18|5313|1636422|Kabupaten Manggarai|-8.56667|120.43333|Daerah Tingkat II Manggarai,Kabupaten Manggarai,Manggarai Regency
ADM2|31|7171|1636543|Kota Manado|1.51389|124.88194|Kota Manado,Kotamadya Manado,Kotapradja Manado
ADM2|41|7604|1636555|Kabupaten Mamuju|-2.46667|119.4|Daerah Tingkat II Mamudju,Kabupaten Mamudju,Kabupaten Mamuju,Mamuju,Mamuju Regency
ADM2|28|8102|1636625|Kabupaten Maluku Tenggara|-5.78333|132.73333|Daerah Tingkat II Maluku Tengara,Kabupaten Maluku Tenggara,Southeast Maluku Regency
ADM1|28||1636627|Provinsi Maluku|-3.23846|130.14527|Daerah Tingkat I Maluku,Maluco,Maluku,Maluku Province,Maluuku,Molucas,Moluccas,Moluques,Muluku,Propinsi Maluka,Propinsi Maluku,Provinsi Maluku,maluku,malwkw,maruku zhou,mlwkw,Малуку,مالوکو,ملوکو,মালুকু,ਮਲੁਕੁ,ማሉኩ,マルク州
ADM2|08|3573|1636712|Kota Malang|-7.98333|112.63333|Kota Malang,Kotamadya Malang,Kotapradja Malang,Malang
ADM2|08|3507|1636713|Kabupaten Malang|-8.2|112.66667|Daerah Tingkat II Malang,Kabupaten Malang,Malang,Malang Regency
ADM2|41|7601|1636805|Kabupaten Majene|-3.13139|118.87139|Daerah Tingkat II Madjene,Kabupaten Madjene,Kabupaten Majene,Majene,Majene Regency
ADM2|30|3210|1636815|Kabupaten Majalengka|-6.81667|108.28333|Daerah Tingkat II Madjalengka,KJT,Kabupaten Majalengka,Kapubaten Madjalengka,Majalengka,Majalengka Regency
ADM2|07|3371|1636882|Kota Magelang|-7.48333|110.21667|Kota Magelang,Kotamadya Magelang,Kotapradja Magelang,Magelang,Magelang Regency
ADM2|08|3577|1636927|Kota Madiun|-7.62778|111.52778|Kota Madiun,Kotamadya Madiun,Madiun
ADM2|08|3519|1636929|Kabupaten Madiun|-7.625|111.65|Daerah Tingkat II Madiun,Kabupaten Madiun,Madiun,Madiun Regency
ADM2|08|3508|1637089|Kabupaten Lumajang|-8.13333|113.13333|Daerah Tingkat II Lumadjang,Kabupaten Lumadjang,Kabupaten Lumajang,Lumajang
ADM2|17|5203|1637365|Kabupaten Lombok Timur|-8.53333|116.51667|Daerah Tingkat II Lombok Timur,Kabupaten Lombok Timur
ADM2|17|5202|1637366|Kabupaten Lombok Tengah|-8.7|116.3|Central Lombok Regency,Daerah Tingkat II Lombok Tengah,Kabupaten Lombok Tengah,Lombok Tengah
ADM2|17|5201|1637367|Kabupaten Lombok Barat|-8.66667|116.13333|Daerah Tingkat II Lombok Barat,Kabupaten Lombok Barat,West Lombok Regency
ADM2|33|3602|1638238|Kabupaten Lebak|-6.65|106.21667|Daerah Tingkat II Lebak,Kabupaten Lebak,Lebak,Lebak Regency
ADM2|15|1806|1638531|Kabupaten Lampung Utara|-4.81667|104.8|Daerah Tingkat II Lampung Utara,Kabupaten Lampung Utara,North Lampung Regency
ADM2|15|1805|1638532|Kabupaten Lampung Tengah|-4.86667|105.26667|Central Lampung Regency,Daerah Tingkat II Lampung Tengah,Kabupaten Lampung Tengah
ADM1|15||1638535|Provinsi Lampung|-5|105|Daerah Tingkat I Lampung,Lampung,Propinsi Lampung,Provinsi Lampung,lamapuga,lampwng,lampwnګ,laምፑniግ,lyampum,ranpun zhou,Лампунг,لامپونګ,لامپونگ,ল্যাম্পুং,ਲਾਮਪੁੰਗ,ላምፑንግ,ランプン州
ADM2|30|3208|1639093|Kabupaten Kuningan|-7|108.56667|Daerah Tingkat II Kuningan,Kabupaten Kuningan,Kuningan,Kuningan Regency
ADM2|07|3319|1639214|Kabupaten Kudus|-6.78333|110.88333|Daerah Tingkat II Kudus,Kabupaten Kudos,Kabupaten Kudus,Kudus,Kudus Regency
ADM2|13|6202|1639475|Kabupaten Kotawaringin Timur|-2.08333|112.76667|Daerah Tingkat II Kotawaringin Timur,East Kotawaringin Regency,Kabupaten Kotawaringin Timur
ADM2|13|6201|1639476|Kabupaten Kotawaringin Barat|-2.51667|111.7|Daerah Tingkat II Kotawaringin Barat,Kabupaten Kotawaringin Barat,Kutawaringin Barat,West Kotawaringin Regency
ADM2|12|6302|1639532|Kabupaten Kota Baru|-2.76667|116|Daerah Tingkat II Kotabaru,Kabupaten Kota Baru,Kabupaten Kotabaru,Kotabaru Regency
ADM2|22|7404|1639753|Kabupaten Kolaka|-3.96667|121.56667|Daerah Tingkat II Kolaka,Kabupaten Kolaka,Kolaka Regency
ADM2|02|5105|1639849|Kabupaten Klungkung|-8.55|115.41667|Daerah Tingkat II Klungkung,Kabupaten Klungkung,Klungkung Regency
ADM2|07|3310|1639899|Kabupaten Klaten|-7.68333|110.63333|Daerah Tingkat II Klaten,Kabupaten Klaten,Klaten,Klaten Regency,ꦏ꧀ꦭꦛꦺꦤ꧀
ADM2|11|6106|1640126|Kabupaten Ketapang|-1.58333|110.56667|Daerah Tingkat II Ketapang,Kabupaten Ketapang,Ketapang Regency
ADM2|05|1501|1640224|Kabupaten Kerinci|-2.01667|101.5|Daerah Tingkat II Kerintji,KRC,Kabupaten Kerinci,Kabupaten Kerintji,Kerinci Regency
ADM2|22|7471|1640342|Kota Kendari|-4.01667|122.53333|Kota Administratip Kendari,Kota Kendari,Kotamadya Kendari
ADM2|08|3571|1640656|Kota Kediri|-7.825|112.01667|Kediri,Kota Kediri,Kotamadya Kediri,Kotapradja Kediri
ADM2|08|3506|1640657|Kabupaten Kediri|-7.78333|112.11667|Daerah Tingkat II Kediri,Kabupaten Kediri,Kediri,Kediri Regency
ADM2|13|6209|1640948|Kabupaten Katingan|-1.68333|113.21667|Kabupaten Katingan,Katingan Regency
ADM2|30|3215|1641133|Kabupaten Karawang|-6.24972|107.41611|Daerah Tingkat II Karawang,Daerah Tingkat II Krawang,Kabupaten Karawang,Kabupaten Krawang,Karawang,Karawang Regency
ADM2|11|6108|1641395|Kabupaten Kapuas Hulu|0.83333|112.8|Daerah Tingkat II Kapuas Hulu,Kabupaten Kapuas Hulu,Kapuas Hulu Regency
ADM2|13|6203|1641398|Kabupaten Kapuas|-1.75|114.3|Daerah Tingkat II Kapuas,Kabupaten Kapuas,Kapuas Regency
ADM1|14||1641897|Provinsi Kalimantan Timur|0.5|116.5|Aust-Kalimantan,Baafata Kalimantan,Borneo Wschodnie,Chygysh Kalimantan,Chygysh Kalimanttan,Daerah Tingkat I Kalimantan Timur,Dong Kalimantan,East Kalimantan,Gabas Kalimantan,Itae-Kalimantan,Itä-Kalimantan,Kalimantan Mashariki,Kalimantan Oriental,Kalimantan Timur,Kalimantan Wetan,Kalimantan Wétan,Kalimantan oriental,Kˌalimantanii Sharkˌi,Oost-Kalimantan,Ost-Kalimantan,Propinsi Kalimantan Timur,Provinsi Kalimantan Timur,Sharqiy Kalimantan,Shygysty Kˌұlimantan,Sərq Kalimantan,Xagejifka Kalimantan,canghwad kali man tan tawan xxk,dong jia li man dan sheng,dongkarimantan zhou,kalmntan alshrqyt,kalymantan shrqy,khtyځ kalymantan,purava kalimantana,purba kalimantana,Øst-Kalimantan,Đông Kalimantan,Şərq Kalimantan,Чыгыш Калимантан,Чыгыш Калиманттан,Шығысты Құлимантан,Қалимантании Шарқӣ,ختیځ کالیمانتان,كالمنتان الشرقية,کالیمانتان شرقی,পূর্ব কালিমান্তান,ਪੂਰਵ ਕਾਲੀਮਾਂਤਾਨ,จังหวัดกาลีมันตันตะวันออก,ምsiraqi kalimanitani,ምስራቅ ካሊማንታን,東カリマンタン州,東加里曼丹省
ADM1|13||1641898|Provinsi Kalimantan Tengah|-2|113.5|Borbor Kalimanttan,Central Kalimantan,Daerah Tingkat I Kalimantan Tengah,Dhexe Kalimantan,Giddu Kalimantan,Kalimantan Central,Kalimantan Kati,Kalimantan Tengah,Kˌalimantanii Markazi,Markaziy Kalimantan,Mərkəzi Kalimantan,Ortalykˌ Kˌұlimantan,Propinsi Kalimantan Tengah,Provinsi Kalimantan Tengah,Tsakiyar Kalimantan,kalymantan mrkzy,kendari kalimantana,madhya kalimantana,mekakelenya kalimanitani,mrkzy kalymantan,zhong yangkarimantan zhou,Борбор Калиманттан,Орталық Құлимантан,Қалимантании Марказӣ,Үzək Kalimantan,Үзәк Калимантан,مرکزی کالیمانتان,کالیمانتان مرکزی,মধ্য কালিমান্তান,ਕੇਂਦਰੀ ਕਾਲੀਮਾਂਤਾਨ,መካከለኛ ካሊማንታን,中央カリマンタン州
ADM1|12||1641899|Provinsi Kalimantan Selatan|-2.5|115.5|Borneo Poludniowe,Borneo Południowe,Cənub Kalimantan,Daerah Tingkat I Kalimantan Selatan,Etelae-Kalimantan,Etelä-Kalimantan,Janubiy Kalimantan,Kalimantan Kidul,Kalimantan Kusini,Kalimantan Meridional,Kalimantan Selatan,Kalimantan du Sud,Kibbaa Kalimantan,Koonfur Kalimantan,Kudu Kalimantan,Kˌalimantanii Ҷanub,Kөn'jak Kalimantan,Nam Kalimantan,Oңtүstik Kˌұlimantan,Propinsi Kalimantan Selatan,Provinsi Kalimantan Selatan,South Kalimantan,Tүshtүk Kalimanttan,Zuid-Kalimantan,dakhana kalimantana,daksina kalimantana,debubi kalimanitani,kalymantan aljnwbyt,kalymantan jnwby,nan jia li man dan sheng,nankarimantan zhou,swyly kalymantan,Көньяк Калимантан,Оңтүстік Құлимантан,Түштүк Калиманттан,Қалимантании Ҷануб,سویلي کالیمانتان,كاليمانتان الجنوبية,کالیمانتان جنوبی,দক্ষিণ কালিমান্তান,ਦੱਖਣ ਕਾਲੀਮਾਂਤਾਨ,ደቡብ ካሊማንታን,南カリマンタン州,南加里曼丹省
ADM1|11||1641900|Provinsi Kalimantan Barat|0|110.5|Batys Kˌұlimantan,Batysh Kalimanttan,Borneo Zachodnie,Daerah Tingkat I Kalimantan Barat,G'arbiy Kalimantan,Galbeed Kalimantan,Giddu Kalimantan,Kalimantan Barat,Kalimantan Kulon,Kalimantan Magharibi,Kalimantan Occidental,Kalimantan Ocidental,Kalimantan occidental,Kˌalimantanii Garb,Kөnbatysh Kalimantan,Laensi-Kalimantan,Länsi-Kalimantan,Propinsi Kalimantan Barat,Provinsi Kalimantan Barat,Qərb Kalimantan,Tay Kalimantan,Tây Kalimantan,Vakaru Kalimantanas,Vakarų Kalimantanas,West Kalimantan,West-Kalimantan,Yamma Kalimantan,kalmntan alghrbyt,kalymantan ghrby,lwydyz kalymantan,pachama kalimantana,pascima kalimantana,xi jia li man dan sheng,xikarimantan zhou,Батыс Құлимантан,Батыш Калиманттан,Көнбатыш Калимантан,Қалимантании Ғарб,كالمنتان الغربية,لویدیز کالیمانتان,کالیمانتان غربی,পশ্চিম কালিমান্তান,ਪੱਛਮ ਕਾਲੀਮਾਂਤਾਨ,ምʾirabi kalimanitani,ምዕራብ ካሊማንታን,西カリマンタン州,西加里曼丹省
ADM2|08|3517|1642413|Kabupaten Jombang|-7.55|112.26667|Daerah Tingkat II Djombang,Jombang,Kabupaten Djombang,Kabupaten Jombang
ADM2|07|3320|1642545|Kabupaten Jepara|-6.6|110.78333|Daerah Tingkat II Djepara,Jepara,Kabupaten Djepara,Kabupaten Jepara
ADM2|38|7304|1642569|Kabupaten Jeneponto|-5.63333|119.71667|Daerah Tingkat II Djeneponto,Jeneponto,Jeneponto Regency,Kabupaten Djeneponto,Kabupaten Jeneponto
ADM2|02|5101|1642584|Kabupaten Jembrana|-8.31667|114.68333|Daerah Tingkat II Djembrana,Djembranau,Jembrana Regency,Kabupaten Djembrana,Kabupaten Jembrana
ADM2|08|3509|1642587|Kabupaten Jember|-8.23333|113.66667|Daerah Tingkat II Djember,Jember,Jember Regency,Kabupaten Jember
ADM2|36|9403|1642655|Kabupaten Jayapura|-2.98333|139.98333|Daerah Tingkat II Sukarnapura,Kabupaten Djajapura,Kabupaten Jayapura,Kabupaten Sukarnapura
ADM1|08||1642668|Jawa Timur|-7.7394|112.5099|Aust-Java,Baafata Java,Cava Rocvetisi,Cava Rocvetışi,Chygysh Java,Daerah Tingkat I Djawa Timur,Deng Jawa,Dogu Cava,Dong Java,Dorno Zhava,Doğu Cava,Dwyrain Jawa,Dĕ̤ng Jawa,East Java,Gabas Java,Giava Oriental,Giava Orientale,Istochna Java,Itae-Jaava,Itä-Jaava,Iztochna Java,Java Mashariki,Java Oriental,Java Timur,Java oriental,Jawa Timu,Jawa Timur,Jawa Wetan,Jawa Wschodnia,Jawa Wétan,Oost-Java,Orienta Javo,Ost-Java,Propinsi Djawa Timur,Propinsi Jawa Timur,Provincia Java de Est,Provinsi Jawa Timur,Rytu Java,Rytų Java,Sharqiy Java,Shygysty Java,Silangang Java,Sinirangan nga Java,Skhidna Java,Sərq Java,Tang Jawa,Tung Chau-oa-sen,Tûng Cháu-ôa-sén,Vostochnaja Java,Vychodni Java,Vzhodna Java,Východní Jáva,Wschodnia Jawa,Xagejifka Java,aghmosavleti iava,dong zhao wa,dong zhao wa sheng,dongjawa zhou,jawatimuleu ju,jawh aftwznwn,jawh shrqy,jawt alshrqyt,khtyځ jawa,mshrqy jawa,purava java,purba jabha,purva java,Øst-Java,Đông Java,Ġiava Oriental,Şərq Java,Восточная Ява,Дорно Жава,Източна Ява,Источна Јава,Східна Ява,Чыгыш Ява,Шығысты Ява,Ҷavi Sharkˌi,Ҷави Шарқӣ,جاوة الشرقية,جاوه افتوزنون,جاوه شرقی,ختیځ جاوا,صوبہ چڑھدا جاوا,مشرقی جاوا,पूर्व जावा,পূর্ব জাভা,ਪੂਰਵ ਜਾਵਾ,აღმოსავლეთი იავა,ምsiraqi java,ምስራቅ ጃቫ,东爪哇省,東ジャワ州,東爪哇,자와티무르 주
ADM1|07||1642669|Provinsi Jawa Tengah|-7.5|110|Borbor Java,Central Java,Daerah Tingkat I Djawa Tengah,Dhexe Java,Giddu Java,Java Central,Java Kati,Java Tengah,Java central,Jawa Srodkowa,Jawa Tengah,Jawa Środkowa,Keski-Jaava,Markaziy Java,Midden-Java,Mərkəzi Java,Ortalykˌ Java,Propinsi Djawa Tengah,Propinsi Jawa Tengah,Provincia Java Centrala,Provincia Java Centrală,Provinsi Jawa Tengah,Trung Java,Tsakiyar Java,jawa mrkzy,jawt alwsty,kendari java,madhya jabha,mekakelenya java,mrkzy jawa,zhong yangjawa zhou,zhong zhao wa sheng,Борбор Ява,Орталық Ява,Үzək Java,Үзәк Ява,Ҷavi Markazi,Ҷави Марказӣ,جاوا مرکزی,جاوة الوسطى,مرکزی جاوا,মধ্য জাভা,ਕੇਂਦਰੀ ਜਾਵਾ,መካከለኛ ጃቫ,中央ジャワ州,中爪哇省
ADM1|30||1642672|Jawa Barat|-6.75|107.5|Bati Cava,Batys Java,Batysh Java,Batı Cava,Cava Rocawani,Daerah Tingkat I Djawa Barat,G'arbiy Java,Galbeed Java,Giava Occidentale,Giava Osidental,Giddu Java,Gorllewin Jawa,Java Barat,Java Magharibi,Java Occidental,Java Ocidental,Java occidental,Jawa Barat,Jawa Kulon,Jawa Zachodnia,Kanlurang Java,Katundan nga Java,Kөnbatysh Java,Laensi-Jaava,Länsi-Jaava,Okcidenta Javo,Propinsi Djawa Barat,Propinsi Jawa Barat,Provincia Java de Vest,Provinsi Jawa Barat,Qərb Java,Sa Jawa,Se Jawa,Si Chau-oa-sen,Sî Cháu-ôa-sén,Să̤ Jawa,Tay Java,Tây Java,Vakaru Java,Vakarų Java,Vestjava,Wast Java,West Java,West-Java,Yamma Java,Zakhidna Java,Zapadna Java,Zapadnaja Java,Zapadni Java,Západní Jáva,canghwad chwa tawan tk,dasavleti iava,jawabalas ju,jawh aftwnshyn,jawh ghrby,jawt alghrbyt,lwydyz jawa,mghrby jawa,pachama java,pascima jabha,pascima java,xi zhao wa,xi zhao wa sheng,xijawa zhou,Ġiava Osidental,Батыс Ява,Батыш Ява,Западна Јава,Западна Ява,Западная Ява,Західна Ява,Көнбатыш Ява,Ҷavi Garb,Ҷави Ғарб,Өрнө Жава,جاوة الغربية,جاوه افتونشین,جاوه غربی,صوبہ لہندا جاوا,لویدیز جاوا,مغربی جاوا,पश्चिम जावा,পশ্চিম জাভা,ਪੱਛਮ ਜਾਵਾ,จังหวัดชวาตะวันตก,დასავლეთი იავა,ምʾirabi java,ምዕራብ ጃቫ,西ジャワ州,西爪哇,西爪哇省,자와바랏 주
ADM1|05||1642856|Provinsi Jambi|-1.5|103|Daerah Tingkat I Djambi,Jaambi,Jambi,Propinsi Djambi,Propinsi Jambi,Propinsi Sri Indrapura,Provinsi Jambi,Zhambi,jambi,jamby,janbi zhou,jaምbi,jmby,Жамби,Жамбӣ,جامبی,جمبي,জাম্বি,ਜਾਂਬੀ,ጃምቢ,ジャンビ州
ADM2|05|1571|1642857|Kota Jambi|-1.61694|103.60028|Kota Jambi,Kotamadja Djambi,Kotamadya Jambi,Kotapradja Djambi
ADM2|04|3175|1642903|Kota Administrasi Jakarta Utara|-6.13611|106.90417|Kota Administrasi Jakarta Utara,Kota Jakarta Utara,Kotamadya Jakarta Utara,North Jakarta,Wilayah Djakarta Utara
ADM2|04|3172|1642904|Kota Administrasi Jakarta Timur|-6.25|106.8875|East Jakarta,Kota Administrasi Jakarta Timur,Kota Jakarta Timur,Kotamadya Jakarta Timur,Wilayah Djakarta Timuar
ADM2|04|3171|1642905|Kota Administrasi Jakarta Selatan|-6.26667|106.80833|Kota Administrasi Jakarta Selatan,Kota Jakarta Selatan,Kotamadya Jakarta Selatan,South Jakarta,Wilayah Djakarta Selatan
ADM1|04||1642907|Daerah Khusus Ibukota Jakarta|-6.2|106.83333|Cakarta,Daerah Chusus Ibukota Djakarta Raya,Daerah Khusus Ibokota Jakarta,Daerah Khusus Ibukota Jakarta,Daerah Khusus Ibukota Jakarta Raya,Djakarta,Dzhakarta,Greater Djakarta,Jacarta,Jakaarta,Jakaartaa,Jakarta,Jakarta Raya,Jakarta Special Capital Region,Kotapradja Djakarta-Raja,Propinsi DKI Jakarta,Yakarta,jakarata,jakarita,jakarta,jakaruta,jkartہ,Джакарта,Ҷakarta,Ҷакарта,جاکارتا,جکارتہ,জাকার্তা,ਜਕਾਰਤਾ,ጃካርታ,ジャカルタ
ADM2|04|3173|1642908|Kota Administrasi Jakarta Pusat|-6.18333|106.83333|Central Jakarta,Kota Administrasi Jakarta Pusat,Kota Jakarta Pusat,Kotamadya Jakarta Pusat,Wilayah Djakarta Pusat
ADM2|04|3174|1642909|Kota Administrasi Jakarta Barat|-6.16667|106.75|Kota Administrasi Jakarta Barat,Kota Jakarta Barat,Kotamadya Jakarta Barat,West Jakarta,Wilayah Djakarta Barat
ADM1|36||1643012|Provinsi Papua|-2.59026|139.41564|Daerah Tingkat I Irian Barat,Dutch New Guinea,Irian,Irian Barat,Nederlands Nieuw-Guinea,Nederlandsch Nieuw-Guinee,Netherland New Guinea,Netherlands New Guinea,Nieuw-Guinea,Nieuw-Guinee,Papouasie,Papua,Papuwa,Papuwaa,Papúa,Propinsi Irian Barat,Propinsi Irian Jaya,Provinsi Papua,Special Region of Papua,Tanah Papua,West Irian,West New Guinea,papu'a,papua zhou,papuya,papwa,Папуа,پاپوا,পাপুয়া,ਪਾਪੁਆ,ፓፑwa,ፓፑዋ,パプア州
ADM2|30|3212|1643077|Kabupaten Indramayu|-6.45|108.16667|Daerah Tingkat II Indramaju,Indramayu,Indramayu Regency,Kabupaten Indramaju,Kabupaten Indramayu
ADM2|37|1402|1643081|Kabupaten Indragiri Hulu|-0.53333|102.33333|Daerah Tingkat II Inderagiri,Daerah Tingkat II Indragiri,Indragiri Hulu Regency,Kabupaten Indragiri Hulu
ADM2|37|1403|1643082|Kabupaten Indragiri Hilir|-0.22056|103.12167|Daerah Tingkat II Inderagiri,Daerah Tingkat II Indragiri,Indragiri Hilir Regency,Kabupaten Indragiri Hilir
ADM2|12|6308|1643244|Kabupaten Hulu Sungai Utara|-2.43333|115.16667|Daerah Tingkat II Hulu Sungai Utara,Kabupaten Hulu Sungai Utara,North Hulu Sungai Regency
ADM2|12|6307|1643245|Kabupaten Hulu Sungai Tengah|-2.6|115.51667|Central Hulu Sungai Regency,Daerah Tingkat II Hulu Sungai Tengah,Kabupaten Hulu Sungai Tengah
ADM2|12|6306|1643246|Kabupaten Hulu Sungai Selatan|-2.76667|115.21667|Daerah Tingkat II Hulu Sungai Selatan,Kabupaten Hulu Sungai Selatan,South Hulu Sungai Regency
ADM2|29|8202|1643475|Kabupaten Halmahera Tengah|0.55|127.91667|Central Halmahera Regency,Kabupaten Halmahera Tengah
ADM2|13|6211|1643597|Kabupaten Gunung Mas|-1.03333|113.56667|Gunung Mas Regency,Kabupaten Gunung Mas
ADM2|10|3403|1643604|Kabupaten Gunungkidul|-7.99444|110.6125|Daerah Tingkat II Gunungkidul,Gunung Kidul Regency,Kabupaten Gunung Kidul,Kabupaten Gunungkidul
ADM2|07|3315|1643768|Kabupaten Grobogan|-7.13333|110.91667|Daerah Tingkat II Grobogan,Grobogan,Grobogan Regency,Kabupaten Grobogan
ADM2|38|7306|1643807|Kabupaten Gowa|-5.31667|119.71667|Daerah Tingkat II Goa,Gowa,Gowa Regency,Kabupaten Gowa
ADM2|34|7571|1643836|Kota Gorontalo|0.5345|123.04312|Kota Gorontalo,Kotamadya Gorontalo,Kotapradja Gorontalo
ADM2|02|5104|1644098|Kabupaten Gianyar|-8.48333|115.28333|Daerah Tingkat II Gianjar,Gianyar Regency,Kabupaten Gianjar,Kabupaten Gianyar
ADM2|30|3205|1644408|Kabupaten Garut|-7.41667|107.78333|Daerah Tingkat II Garut,Garut,Garut Regency,Kabupaten Garut
ADM2|18|5309|1644743|Kabupaten Flores Timur|-8.24224|122.96817|Daerah Tingkat II Flores Timur,East Flores Regency,Kabupaten Flores Timur
ADM2|38|7316|1644905|Kabupaten Enrekang|-3.5|119.86667|Daerah Tingkat II Enrekang,Enrekang,Enrekang Regency,Kabupaten Enrekang
ADM2|21|7205|1645322|Kabupaten Donggala|-0.33333|119.85|Daerah Tingkat II Donggala,Donggala Regency,Kabupaten Donggala
ADM2|02|5171|1645527|Kota Denpasar|-8.66667|115.21667|Kota Administratip Denpasar,Kota Denpasar,Kotamadya Denpasar
ADM2|30|3274|1646168|Kota Cirebon|-6.75|108.55|Cirebon,Kota Cirebon,Kotamadya Cirebon,Kotamadya Tjirebon,Kotapradja Tjirebon
ADM2|30|3209|1646169|Kabupaten Cirebon|-6.8|108.56667|Cirebon,Cirebon Regency,Daerah Tingkat II Tjirebon,Kabupaten Cirebon,Kabupaten Tjirebon
ADM2|30|3277|1646446|Kota Cimahi|-6.88333|107.54167|Cimahi,Kota Administratip Cimahi,Kota Cimahi
ADM2|30|3207|1647148|Kabupaten Ciamis|-7.28333|108.41667|Ciamis,Ciamis Regency,Daerah Tingkat II Tjiamis,Kabupaten Ciamis,Kabupaten Tjiamis
ADM2|22|7401|1647498|Kabupaten Buton|-5.31667|122.93333|Buton Regency,Daerah Tingkat II Buton,Daerah Tingkat II Butung,Kabupaten Buton,Kabupaten Butung
ADM2|21|7207|1647571|Kabupaten Buol|1.04656|121.36867|Buol Regency,Daerah Tingkat II Buol Toli-toli,Kabupaten Buol,Kabupaten Buol Tolitoli,UOL
ADM2|38|7302|1647738|Kabupaten Bulukumba|-5.43333|120.23333|Bulukumba,Bulukumba Regency,Daerah Tingkat II Bulukumba,Kabupaten Bulukumba
ADM2|02|5108|1647803|Kabupaten Buleleng|-8.25|114.95|Buleleng Regency,Daerah Tingkat II Buleleng,Kabupaten Buleleng
ADM2|24|1375|1647865|Kota Bukittinggi|-0.29921|100.37223|Kota Bukittinggi,Kotamadya Bukittinggi,Kotapradja Bukittinggi
ADM2|07|3329|1648064|Kabupaten Brebes|-7.05|108.9|Brebes,Brebes Regency,Daerah Tingkat II Brebes,Kabupaten Brebes
ADM2|07|3309|1648083|Kabupaten Boyolali|-7.46667|110.71667|Bajalali,Boyolali Regency,Daerah Tingkat II Bojolali,Kabupaten Bojolali,Kabupaten Boyolali
ADM2|38|7311|1648256|Kabupaten Bone|-4.7|120.13333|Bone,Bone Regency,Daerah Tingkat II Bone,Kabupaten Bone
ADM2|31|7101|1648339|Kabupaten Bolaang Mongondow|0.71667|124.03333|Bolaang Mongondow Regency,Bolangmongando,Daerah Tingkat II Bolaang Mongondow,Kabupaten Bolaang Mongondow,Kabupaten Bolaangmongondow
ADM2|08|3522|1648450|Kabupaten Bojonegoro|-7.25|111.80833|Bodjanegara,Bojonegoro,Bojonegoro Regency,Daerah Tingkat II Bodjonegoro,Kabupaten Bodjonegoro,Kabupaten Bojonegoro
ADM2|30|3271|1648470|Kota Bogor|-6.59|106.80111|Bogor,Kodya Bogor,Kota Bogor,Kotamadya Bogor,Kotapradja Bogor
ADM2|30|3201|1648471|Kabupaten Bogor|-6.55|106.71667|Bogor,Bogor Regency,Daerah Tingkat II Bogor,Kabupaten Bogor
ADM2|07|3316|1648567|Kabupaten Blora|-7.08333|111.41667|Blora,Blora Regency,Daerah Tingkat II Blora,Kabupaten Blora
ADM2|08|3572|1648578|Kota Blitar|-8.1|112.16667|Blitar,Kota Blitar,Kotamadya Blitar,Kotapradja Blitar
ADM2|08|3505|1648579|Kabupaten Blitar|-8.13333|112.23333|Blitar,Blitar Regency,Daerah Tingkat II Blitar,Kabupaten Blitar
ADM2|31|7172|1648633|Kota Bitung|1.5|125.15|Kota Administratip Bitung,Kota Bitung,Kotamadya Bitung
ADM2|26|1276|1648725|Kota Binjai|3.5986|98.48028|Kotamadya Bindjai,Kotamadya Binjai,Kotapradja Bindjai
ADM2|17|5206|1648758|Kabupaten Bima|-8.61667|118.75|Bima Regency,Daerah Tingkat II Bima,Kabupaten Bima
ADM2|14|6405|1649040|Kabupaten Berau|2.02889|117.11833|Berau Regency,Daerah Tingkat II Berau,Kabupaten Berau
ADM2|03|1703|1649145|Kabupaten Bengkulu Utara|-3.23333|102|Daerah Tingkat II Bengkulu Utara,Kabupaten Bengkulu Utara,North Bengkulu Regency
ADM2|03|1701|1649146|Kabupaten Bengkulu Selatan|-4.36667|103.01667|Daerah Tingkat II Bengkulu Selatan,Kabupaten Bengkulu Selatan,South Bengkulu Regency
ADM1|03||1649147|Propinsi Bengkulu|-3.79965|102.26683|Benculu,Bengkulu,Daerah Tingkat I Bengkulu,bengakulu,beniግkulu,benkuru zhou,bngkwlw,bnګkwlw,tengah padang,Бенгкулу,بنګکولو,بنگکولو,বেঙ্গকুলু,ਬੇਙ੍ਗਕੁਲੂ,በንግኩሉ,ベンクル州
ADM2|03|1771|1649148|Kota Bengkulu|-3.83333|102.31667|Kota Bengkulu,Kotamadya Bengkulu,Kotapradja Bengkulu
ADM2|18|5306|1649264|Kabupaten Belu|-9.17581|124.91628|Belu Regency,Daerah Tingkat II Belu,Kabupaten Belu
ADM2|35|1902|1649281|Kabupaten Belitung|-2.86667|107.68333|Belitung Regency,Daerah Tingkat II Belitung,Kabupaten Belitung
ADM2|30|3216|1649377|Kabupaten Bekasi|-6.21611|107.15|Bekasi,Bekasi Regency,Daerah Tingkat II Bekasi,Kabupaten Bekasi
ADM2|05|1504|1649863|Kabupaten Batang Hari|-1.7|103.1|Batang Hari Regency,Daerah Tingkat II Batanghari,Kabupaten Batang Hari,Kabupaten Batanghari
ADM2|07|3325|1649879|Kabupaten Batang|-7.025|109.8675|Batang,Batang Regency,Kabupaten Batang
ADM2|38|7310|1649975|Kabupaten Barru|-4.45|119.695|Barru,Barru Regency,Baru,Daerah Tingkat II Barru,Kabupaten Barru
ADM2|13|6205|1649989|Kabupaten Barito Utara|-0.93333|115.06667|Daerah Tingkat II Barito Utara,Kabupaten Barito Utara,North Barito Regency
ADM2|13|6212|1649990|Kabupaten Barito Timur|-1.98333|115.15|East Barito Regency,Kabupaten Barito Timur
ADM2|13|6204|1649991|Kabupaten Barito Selatan|-1.76667|114.78333|Daerah Tingkat II Barito Selatan,Kabupaten Barito Selatan,South Barito Regency
ADM2|12|6304|1649992|Kabupaten Barito Kuala|-3.08333|114.68333|Barito Kuala Regency,Daerah Tingkat II Barito Kuala,Kabupaten Barito Kuala
ADM2|08|3510|1650076|Kabupaten Banyuwangi|-8.36667|114.16667|Banyuwangi,Banyuwangi Regency,Daerah Tingkat II Banjuwangi,Kabupaten Banjuwangi,Kabupaten Banyuwangi
ADM2|07|3302|1650094|Kabupaten Banyumas|-7.43333|109.15|Banyumas Regency,Daerah Tingkat II Banjumas,Kabupaten Banjumas,Kabupaten Banyumas
ADM2|10|3402|1650117|Kabupaten Bantul|-7.9|110.3625|Bantul,Bantul Regency,Daerah Tingkat II Bantul,Kabupaten Bantul
ADM2|38|7303|1650183|Kabupaten Bantaeng|-5.48333|119.98333|Bantaeng,Bantaeng Regency,Daerah Tingkat II Bantaeng,Daerah Tingkat II Bonthain,Kabupaten Bantaeng,Kabupaten Bonthain
ADM2|12|6371|1650211|Kota Banjarmasin|-3.32444|114.59102|Kotamadya Bandjarmasin,Kotapradja Bandjarmasin
ADM2|12|6372|1650216|Kota Banjar Baru|-3.48304|114.81162|Kota Administratip Banjarbaru
ADM2|12|6303|1650231|Kabupaten Banjar|-3.38333|115.08333|Banjar Regency,Daerah Tingkat II Bandjar,Kabupaten Bandjar,Kabupaten Banjar,Kabupaten Banjarmasin
ADM2|02|5106|1650263|Kabupaten Bangli|-8.26667|115.35|Bangli Regency,Daerah Tingkat II Bangli,Kabupaten Bangli
ADM2|08|3526|1650297|Kabupaten Bangkalan|-7.05|112.93333|Bangkalan,Bangkalan Regency,Daerah Tingkat II Bangkalan,Kabupaten Bangkalan
ADM2|35|1901|1650314|Kabupaten Bangka|-1.91667|105.96667|Bangka Regency,Daerah Tingkat II Bangka,Kabupaten Bangka
ADM2|30|3204|1650352|Kabupaten Bandung|-7.1|107.61667|Bandung,Bandung District,Bandung Regency,Daerah Tingkat II Bandung,Kabupaten Bandhung,Kabupaten Bandung,Kabupaten de Bandung,Kabupatèn Bandhung,Kabupatén Bandung,Reggenza di Bandung
ADM2|14|6471|1650526|Kota Balikpapan|-1.15|116.86667|Kota Balikpapan,Kotamadya Balikpapan,Kotapradja Balikpapan
ADM1|02||1650535|Provinsi Bali|-8.5|115|Bali,Daerah Tingkat I Bali,Denpasar,Propinsi Bali,Provinsi Bali,Pulau Bali,ba li dao,bali,balli seom,baly,bari dao,Бали,Балі,Балӣ,بالي,بالی,বালি,ਬਾਲੀ,ባሊ,バリ島,巴厘岛,발리 섬
ADM2|02|5103|1650818|Kabupaten Badung|-8.56667|115.2|Badung Regency,Kabupaten Badung
ADM2|28|8171|1651530|Kota Ambon|-3.7|128.18333|Amboina,Kota Ambon,Kotamadya Ambon,Kotapradja Ambon
ADM2|18|5307|1651608|Kabupaten Alor|-8.28333|124.73333|Alor Regency,Daerah Tingkat II Alor,Kabupaten Alor
ADM2|24|1307|1651856|Kabupaten Agam|-0.23333|100.21667|Agam Regency,Daerah Tingkat II Agam,Kabupaten Agam
ADM1|33||1923045|Banten|-6.5|106.25|Bantam,Bantan,Banten,Bantena,Bantenas,Bantén,Pravincyja Bantehn,Propinsi Banten,Provinco Banteno,Provinsi Banten,Van-tan-sen,Van-tan-sén,baniteni,banten ju,banten zhou,bantena,bantn,canghwad ban tein,wan dan,wan dan sheng,Бантен,Правінцыя Бантэн,بانتن,بانٹین,صوبہ بانٹین,बांतेन,বান্তেন,ਬਾਂਤੇਨ,จังหวัดบันเติน,ბანტენი,ባንቴን,バンテン州,万丹省,萬丹,반텐 주
ADM1|34||1923046|Provinsi Gorontalo|0.693|122.4704|Gorontalo,Propinsi Gorontalo,Provinsi Gorontalo,goronitalo,gorontalo,gorontaro zhou,gwrwntalw,Горонтало,ګwrwntalw,ګورونتالو,گورونتالو,গোরোন্তালো,ਗੋਰੋਂਤਾਲੋ,ጎሮንታሎ,ゴロンタロ州
ADM1|35||1923047|Kepulauan Bangka Belitung|-2.66667|106.66667|Bangka Belitung Islands,Bangka-Belitung,Bangka-Belitung Adalari,Bangka-Belitung Adaları,Bangka-Belitung Islands,Bangka–Belitung Islands,Banka-Billiton,Iles Bangka Belitung,Ilhas de Bangka-Belitung,Islas de Bangka-Belitung,Kepulauan Bangka Belitung,Kepulauan Bangka-Belitung,Propinsi Kepulauan Bangka Belitung,Provinsi Kepulauan Bangka Belitung,Wyspy Bangka i Belitung,bang jia-wu li dong sheng,baniግka-belituniግ desetoci,banjka - blytwnj,banka-belituga tapu,banka-belitum dbipapunja,banka-bylytwng ټapwan,banka・buritoun zhu dao zhou,jzayr banka-bylytwng,Îles Bangka Belitung,Ҷaziraҳoi Bangka-Belitung,Ҷазираҳои Bangka-Belitung,بانجكا - بليتونج,بانکا-بیلیتونگ ټاپوان,جزایر بانکا-بیلیتونگ,বাঙ্কা-বেলিতুং দ্বীপপুঞ্জ,ਬਾਂਕਾ-ਬੇਲਿਤੁੰਗ ਟਾਪੂ,ባንግካ-ቤሊቱንግ ደሴቶች,バンカ・ブリトゥン諸島州,邦加-勿里洞省
ADM1|29||1958070|North Maluku|0.62621|127.84241|Maluku Kaskazini,Maluku Shimoli,Maluku Utara,Maluku do Norte,Molucas Septentrionales,Moluques du Nord,Nordmaluku,North Malaku Province,North Maluku,Provincia de Molucas Septentrionales,Provinsi Maluku Utara,Simal Maluku,beimaruku zhou,malwkw shmaly,semeni maluku,shmaly malwkw,utari maluku,uttara maluku,Şimal Maluku,Малуку Шимолӣ,شمالي مالوکو,مالوکو شمالی,উত্তর মালুকু,ਉੱਤਰੀ ਮਾਲੁਕੁ,ሰሜን ማሉኩ,北マルク州
ADM1|39||1996549|Provinsi Papua Barat|-0.86531|134.06118|Irian Jaya Barat,Papouasie occidentale,Papua Barat,Papua Magharibi,Papua Occidental,Papua Ocidental,Papuai Garbi,Papúa Occidental,Provinsi Irian Jaya Barat,Provinsi Papua Barat,Qərbi Papua,West Papua,Westpapua,lwydyځ papwa,pachami papu'a,papwa ghrby,pascima papuya,xipapua zhou,Папуаи Ғарбӣ,لويديځ پاپوا,پاپوا غربی,পশ্চিম পাপুয়া,ਪੱਛਮੀ ਪਾਪੁਆ,ምʾirabi ፓፑwa,ምዕራብ ፓፑዋ,西パプア州
ADM1|41||1996550|Provinsi Sulawesi Barat|-2.5|119.3333|Provinsi Sulawesi Barat,Qərbi Sulawesi,Sulavesii Garbi,Sulawesi Barat,Sulawesi Magharibi,Sulawesi Occidental,Sulawesi Ocidental,West Sulawesi,Westsulawesi,lwydyځ swlawysy,pachami sulavesi,pascima sula'oyesi,swlawsy ghrby,xisuraueshi zhou,Сулавесии Ғарбӣ,سولاوسی غربی,لويديځ سولاويسي,পশ্চিম সুলাওয়েসি,ਪੱਛਮੀ ਸੁਲਾਵੇਸੀ,ምʾirabi sulawesi,ምዕራብ ሱላዌሲ,西スラウェシ州
ADM1|40||1996551|Provinsi Kepulauan Riau|0.63333|107.01868|Iles Riau,Ilhas de Riau,Islas de Riau,Kepulauan Riau,Provinsi Kepulauan Riau,Riau Adalari,Riau Adaları,Riau Islands,Riau-Inseln,Riau-oyane,Riau-oyene,Riau-øyane,Riau-øyene,jzayr ryaw,ri'a'u tapu,riau zhu dao zhou,riya'u dbipapunja,riyaው desetoci,ryaw ټapwan,Îles Riau,Ҷaziraҳoi Riau,Ҷазираҳои Riau,جزایر ریاو,ریاو ټاپوان,রিয়াউ দ্বীপপুঞ্জ,ਰਿਆਉ ਟਾਪੂ,ሪያው ደሴቶች,リアウ諸島州
ADM2|18|5371|2057084|Kota Kupang|-10.19694|123.59806|Kota Administratip Kupang,Kota Kupang,Kotamadya Kupang
ADM2|18|5303|2057086|Kabupaten Kupang|-9.91667|123.83333|Daerah Tingkat II Kupang,Kabupaten Kupang,Kupang Regency
ADM2|07|3308|6199035|Kabupaten Magelang|-7.4275|110.16194|Kabupaten Magelang,Magelang Regency
ADM2|07|3373|6257933|Kota Salatiga|-7.33278|110.48333|
ADM2|10|3404|6258231|Kabupaten Sleman|-7.68167|110.32333|Sleman Regency
ADM2|07|3314|6266177|Kabupaten Sragen|-7.41278|110.935|Kabupaten Sragen,Sragen Regency
ADM2|07|3305|6376498|Kabupaten Kebumen|-7.63917|109.66056|Kabupaten Kebumen,Kebumen,Kebumen Regency
ADM2|07|3304|6380795|Kabupaten Banjarnegara|-7.35111|109.5875|Banjarnegara,Banjarnegara Regency,Kabupaten Banjarnegara
ADM2|07|3301|6384572|Kabupaten Cilacap|-7.57417|108.98861|Cilacap,Cilacap Regency,Kabupaten Cilacap
ADM2|07|3303|6390578|Kabupaten Purbalingga|-7.28417|109.35028|Kabupaten Purbalingga,Purbalingga,Purbalingga Regency
ADM2|07|3307|6405140|Kabupaten Wonosobo|-7.36139|109.92667|Kabupaten Wonosobo,Wonosobo,Wonosobo Regency
ADM2|08|3520|6409167|Kabupaten Magetan|-7.64472|111.35917|Kabupaten Magetan,Magetan
ADM2|08|3521|6410477|Kabupaten Ngawi|-7.47444|111.33444|Kabupaten Ngawi,Ngawi,Ngawi Regency
ADM2|07|3322|6410701|Kabupaten Semarang|-7.20667|110.44139|Kabupaten Semarang,Semarang,Semarang Regency
ADM2|30|3273|6559695|Kota Bandung|-6.91667|107.63333|Bandung,Kota Bandung,Kotamadya Bandung,Kotapradja Bandung
ADM2|07|3313|6560140|Kabupaten Karanganyar|-7.62806|111.0625|Kabupaten Karanganyar,Karanganyar,Karanganyar Regency
ADM2|30|3213|6581948|Kabupaten Subang|-6.50833|107.7025|Kabupaten Subang,Subang,Subang Regency
ADM2|30|3203|6588980|Kabupaten Cianjur|-6.7725|107.08306|Cianjur,Cianjur Regency,Kabupaten Cianjur
ADM2|30|3275|6599302|Kota Bekasi|-6.26667|106.98333|Bekasi,Kota Bekasi,Kotamadya Bekasi
ADM2|39|9101|6619356|Kabupaten Fakfak|-2.92641|132.29608|Fakfak Regency
ADM2|31|7105|6698251|Kabupaten Minahasa Selatan|1.21291|124.59708|South Minahasa Regency
ADM2|01|1114|6701575|Kabupaten Aceh Tamiang|4.23333|97.93333|Aceh Tamiang Regency,Kabupaten Aceh Tamiang
ADM2|01|1112|6701674|Kabupaten Aceh Barat Daya|3.81667|96.88333|Kabupaten Aceh Barat Daya,Southwest Aceh Regency
ADM2|01|1115|6703019|Kabupaten Nagan Raya|4.15|96.5|Kabupaten Nagan Raya,Kabupaten Nagan Rayan,Nagan Raya Regency,Naganraya
ADM2|01|1101|6704825|Kabupaten Simeulue|2.61972|96.07667|Kabupaten Simeulue,Simeulue Regency
ADM2|01|1116|6705241|Kabupaten Aceh Jaya|4.86|95.64|Aceh Jaya Regency,Ache Jaya,Kabupaten Ache Jaya
ADM2|01|1117|6712486|Kabupaten Bener Meriah|4.73015|96.86156|Bener Meriah,Bener Meriah Regency,Kabupaten Bener Meriah
ADM2|01|1102|6713333|Kabupaten Aceh Singkil|2.38333|97.96667|Aceh Singkil Regency,Kabupaten Aceh Singkil
ADM2|26|1218|6715130|Kabupaten Serdang Bedagai|3.36667|99.08333|Kabupaten Serdang Bedagai,Serdang Bedagai Regency
ADM2|01|1174|6719204|Kota Lhokseumawe|5.18271|97.12774|Kota Lhokseumawe
ADM2|37|1407|6722476|Kabupaten Rokan Hulu|0.88333|100.48333|Kabupaten Rokan Hulu,Rokan Hulu Regency
ADM2|37|1406|6724202|Kabupaten Kampar|0.2344|101.2131|Kampar Regency
ADM2|26|1216|6725176|Kabupaten Pakpak Bharat|2.55444|98.24056|Kabupaten Pakpak Bharat,Pakpak Bharat Regency
ADM2|26|1205|6726149|Kabupaten Tapanuli Utara|2.0028|99.0707|Kabupaten Tapanuli Utara,North Tapanuli Regency,Tapanuli Utara
ADM2|01|1110|6729814|Kabupaten Bireuen|5.11667|96.6|Bireuen Regency,Bireuën Regency,Kabupaten Bireuen
ADM2|07|3321|6739766|Kabupaten Demak|-6.8993|110.6122|Demak,Demak Regency,Kabupaten Demak
ADM2|07|3324|6745680|Kabupaten Kendal|-7.0256|110.1685|Kabupaten Kendal,Kendal,Kendal Regency
ADM2|30|3276|6751097|Kota Depok|-6.39611|106.81667|Depok,Kota Administratip Depok,Kota Depok,Kotamadya Depok
ADM2|31|7102|6755517|Kabupaten Minahasa|1.2537|124.83|Kabupaten Minahasa,Minahasa,Minahasa Regency
ADM2|33|3672|6758625|Kota Cilegon|-6|106.02917|Kota Administratif Cilegon,Kota Administratip Cilegon,Kota Cilegon,Kotamadya Cilegon
ADM2|07|3376|6769512|Kota Tegal|-6.8686|109.1129|Kotamadya Tegal,Tegal,Tegal Regency
ADM2|08|3525|6775904|Gresik Regency|-7.1933|112.553|Gresik,Gresik Regency,Kabupaten Gresik
ADM2|07|3326|6792336|Kabupaten Pekalongan|-7.0319|109.624|Kabupaten Pekalongan,Pekalongan,Pekalongan Regency
ADM2|08|3511|6829652|Kabupaten Bondowoso|-7.9404|113.9834|Bondowoso,Bondowoso Regency,Kabupaten Bondowoso
ADM2|34|7502|6960133|Kabupaten Gorontalo|0.70212|122.71591|Gorontalo,Gorontalo Regency,Kabupaten Gorontalo
ADM2|38|7317|6965895|Kabupaten Luwu|-3.34836|120.22127|Kabupaten Luwu,Luwu,Luwu Regency
ADM2|22|7472|6974096|Kota Baubau|-5.477|122.6166|Baubau,Kota Administratip Baubau,Kotip Baubau
ADM2|21|7202|6983688|Kabupaten Banggai|-0.91141|122.71836|Banggai,Banggai Regency,Kabupaten Banggai
ADM2|17|5207|6984549|Kabupaten Sumbawa Barat|-8.75159|116.92132|Kabupaten Sumbawa Barat,West Sumbawa Regency
ADM2|17|5205|7057508|Kabupaten Dompu|-8.5094|118.4816|Dompu Regency,Kecamatan Dompu
ADM2|38|7312|7063566|Kabupaten Soppeng|-4.3842|119.89|Kabupaten Soppeng,Soppeng,Soppeng Regency
ADM2|02|5107|7086954|Kabupaten Karang Asem|-8.3891|115.5393|Kabupaten Karangasem,Karangasem,Karangasem Regency
ADM2|15|1803|7862296|Kabupaten Lampung Selatan|-5.53965|105.49741|Kabupaten Lampung Selatan,Lampung Selatan,South Lampung Regency
ADM2|30|3217|7910336|Kabupaten Bandung Barat|-6.83333|107.48333|Kab. Bandung Barat,Kabupaten Bandung Barat,Kabupaten Bandung Kulon,Kabupatén Bandung Kulon,West Bandung Regency
ADM2|05|1509|7910349|Kabupaten Bungo|-1.50222|101.96|Bungo,Bungo Regency,Bungo Tebo
ADM2|39|9102|7910905|Kabupaten Kaimana|-3.66093|133.77451|Kabupaten Kaimana,Kaimana Regency
ADM2|39|9103|7910908|Kabupaten Teluk Wondama|-2.7|134.5|Wondama Bay Regency
ADM2|PD|9106|7910924|Kabupaten Sorong Selatan|-1.50495|132.28638|South Sorong Regency
ADM2|29|8204|7910927|Kabupaten Halmahera Selatan|-0.3955|127.90833|Halmahera Selatan,Kabupaten Halmahera Selatan,South Halmahera Regency
ADM2|10|3401|7910930|Kabupaten Kulon Progo|-7.81256|110.15133|Kulon Progo Regency
ADM2|29|8271|7910935|Kota Ternate|0.89618|127.31016|Kota Ternate
ADM2|36|9471|7910936|Kota Jayapura|-2.64647|140.77779|Jayapura Regency
ADM2|PT|9404|7910937|Kabupaten Nabire|-3.54016|135.55511|Kabupaten Nabire,Nabire Regency
ADM2|41|7603|7910939|Kabupaten Mamasa|-2.96492|119.30631|Mamasa Regency
ADM2|PE|9417|7910943|Kabupaten Pegunungan Bintang|-4.52167|140.29541|Kabupaten Pegunungan Bintang,Pegunungan Bintang Regency
ADM2|32|1673|7932494|Kota Pagar Alam|-4.13055|103.26822|
ADM2|32|1672|7932496|Kota Prabumulih|-3.46202|104.2229|
ADM2|08|3524|8080464|Kabupaten Lamongan|-7.13333|112.31667|Kabupaten Lamongan,Lamongan Regency
ADM2|01|1173|8224053|Kota Langsa|4.47|97.93|
ADM2|01|1113|8224054|Kabupaten Gayo Lues|3.95|97.39|Gayo Lues Regency
ADM2|01|1109|8224055|Kabupaten Pidie|5.08|96.11|Pidie Regency
ADM2|26|1214|8224057|Kabupaten Nias Selatan|0.77|97.75|Nias Regency
ADM2|32|1603|8521769|Kabupaten Muara Enim|-4.2327|103.6141|Kabupaten Muara Enim,Mara Enim,Muara Enim Regency,Muaraenim
ADM2|36|9409|8530432|Kabupaten Biak Numfor|-0.98333|136|Biak Numfor Regency,Kabupaten Biak,Kabupaten Biak Numfor
ADM2|36|9419|8531251|Kabupaten Sarmi|-2.31667|139.1|Kabupaten Sarmi,Sarmi Regency
ADM2|36|9420|8531252|Kabupaten Keerom|-3.33333|140.68333|Kabupaten Keerom,Keerom Regency
ADM2|08|3529|8541464|Kabupaten Sumenep|-6.98333|113.81667|Kabupaten Sumenep,Sumenep,Sumenep Regency
ADM2|24|1304|8541932|Kabupaten Sijunjung|-0.64866|101.06793|Kabupaten Sawahlunto Sijunjung,Kabupaten Sijunjung,Sawahlunto Sijunjung,Sijunjung Regency
ADM2|15|1811|8552411|Kabupaten Mesuji|-4.0439|105.4013|Kecamatan Mesuji Lampung,Mesuji Lampung,Mesuji Regency
ADM2|24|1308|8562628|Kabupaten Lima Puluh Kota|-0.0168|100.5872|Kabupaten Limapuluhkota,Lima Puluh Kota Regency,Limapuluh Koto,Limapuluhkota
ADM2|01|1118|8571637|Kabupaten Pidie Jaya|5.15|96.21667|Kabupaten Pidie Jaya,Pidie Jaya Regency
ADM2|01|1175|8571638|Kota Subulussalam|2.73333|97.93333|Kota Subulussalam
ADM2|17|5204|8594735|Kabupaten Sumbawa|-8.7439|117.3324|Kabupaten Sumbawa,Sumbawa,Sumbawa Regency
ADM2|24|1305|8594799|Kabupaten Tanah Datar|-0.4555|100.5771|Kabupaten Tanahdatar,Tanah Datar Regency,Tanahdatar
ADM2|37|1408|8597074|Kabupaten Bengkalis|1.29882|101.54527|Bengkalis,Bengkalis Regency,Kabupaten Bengkalis
ADM1|42||8604684|North Kalimantan|3.35989|116.53198|Kalimantan Kaskazini,Kalimantan Septentrional,Kalimantan Utara,Kalimantan do Norte,Kalimantan du Nord,Kalimantani Shimoli,Nordkalimantan,North Kalimantan,Simal Kalimantan,beikarimantan zhou,kalymantan shmaly,semeni kalimanitani,shmaly kalymantan,utari kalimantam,uttara kalimantana,Şimal Kalimantan,Калимантани Шимолӣ,شمالي کالیمانتان,کالیمانتان شمالی,উত্তর কালিমান্তান,ਉੱਤਰੀ ਕਾਲੀਮਾਂਤਾਂ,ሰሜን ካሊማንታን,北カリマンタン州
ADM2|26|1222|8611929|Kabupaten Labuhan Batu Selatan|1.983|100.0976|Kabupaten Labuanbatu,Labuanbatu,South Labuhan Batu Regency
ADM2|42|6502|8613240|Kabupaten Bulungan|3|117.16667|Bulungan,Bulungan Regency,Kabupaten Bulungah,Kabupaten Bulungan
ADM2|42|6571|8613334|Kabupaten Tarakan|3.35|117.6|Kabupaten Tarakan,Tarakan Regency
ADM2|42|6501|8613353|Kabupaten Malinau|2.48333|115.71667|Kabupaten Malinau,Malinau Regency
ADM2|42|6504|8613360|Kabupaten Nunukan|4.1|116.68333|Kabupaten Nunukan,Nunukan Regency
ADM2|42|6503|8613361|Kabupaten Tana Tidung|3.55|116.96667|Kabupaten Tana Tidung,Tana Tidung Regency
ADM2|17|5208|8659092|Kabupaten Lombok Utara|-8.35214|116.40152|Kabupaten Lombok Utara,North Lombok Regency
ADM2|17|5272|8659101|Kota Bima|-8.46728|118.75259|Bima City,Kotamadya Bima
ADM2|40|2104|8739779|Kabupaten Lingga|-0.5091|104.41448|Lingga Regency
ADM2|11|6103|8740062|Kabupaten Landak|0.42373|109.75917|Kabupaten Landak,Landak Regency
ADM2|11|6102|8740064|Kabupaten Bengkayang|1.06911|109.66393|Bengkayang Regency
ADM2|40|2103|8740093|Kabupaten Natuna|4.71417|107.97639|Kepulauan Natuna,Natuna Regency
ADM2|24|1301|8740094|Kabupaten Kepulauan Mentawai|-1.35927|98.89552|Mentawai Islands Regency
ADM2|40|2105|8740095|Kabupaten Kepulauan Anambas|2.93966|105.76071|Anambas Islands,Anambas Islands Regency,Kepulauan Anambas
ADM2|13|6210|8741175|Kabupaten Pulang Pisau|-3.11858|113.8623|Kabupaten Pulang Pisau,Pulang Pisau Regency
ADM2|40|2102|9034776|Kabupaten Bintan|0.95|104.61944|Bintan Regency
ADM2|26|1202|9161518|Kabupaten Mandailing Natal|0.78378|99.25495|Mandailing Natal Regency
ADM2|26|1215|9162086|Kabupaten Humbang Hasundutan|2.26551|98.50376|Humbang Hasundutan Regency,Kabupaten Humbang Hasundutan
ADM2|26|1217|9162842|Kabupaten Samosir|2.64025|98.71525|Samosir Regency
ADM2|24|1309|9163115|Kabupaten Pasaman|0.42503|99.94606|Kabupaten Pasaman,Pasaman Regency
ADM2|24|1312|9163116|Kabupaten Pasaman Barat|0.28152|99.51965|Kabupaten Pasaman Barat,West Pasaman Regency
ADM2|37|1401|9163118|Kabupaten Kuantan Singingi|-0.47532|101.45857|Kuantan Singingi Regency
ADM2|37|1404|9163207|Kabupaten Pelalawan|0.20822|102.18607|Pelalawan Regency
ADM2|32|1610|9163311|Kabupaten Ogan Ilir|-3.43186|104.62727|Ogan Ilir Regency
ADM2|15|1807|9163828|Kabupaten Way Kanan|-4.44705|104.52753|Way Kanan Regency
ADM2|15|1808|9164018|Kabupaten Tulangbawang|-4.20604|105.57999|Tulang Bawang Regency
ADM2|18|5308|9165593|Kabupaten Lembata|-8.41396|123.55225|Lembata Regency
ADM2|18|5315|9165681|Kabupaten Manggarai Barat|-8.64484|119.88281|West Manggarai Regency
ADM2|12|6311|9165684|Kabupaten Balangan|-2.32314|115.62922|Balangan Regency,Kabupaten Balangan
ADM2|34|7504|9165685|Kabupaten Bone Bolango|0.50296|123.27501|Bone Bolango Regency
ADM2|34|7501|9165686|Kabupaten Boalemo|0.62689|122.3568|Boalemo Regency
ADM2|34|7503|9165687|Kabupaten Pohuwato|0.7098|121.59582|Kabupaten Pohuwato,Pohuwato Regency
ADM2|21|7209|9165688|Tojo Una-Una Regency|-1.2036|121.48201|Kabupaten Tojo Una-Una,OJU,Tojo Una-Una Regency
ADM2|21|7208|9165690|Kabupaten Parigi Moutong|0.3368|120.17841|Kabupaten Parigi Moutong,Parigi Moutong Regency
ADM2|21|7201|9165691|Kabupaten Banggai Kepulauan|-1.30236|123.03726|
ADM2|21|7203|9165694|Morowali Regency|-2.76062|121.95267|Kabupaten Morowali,MOH,Morowali Regency
ADM2|38|7325|9165704|Kabupaten Luwu Timur|-2.5321|121.12305|East Luwu Regency,Kabupaten Luwu Timur
ADM2|22|7408|9165705|Kabupaten Kolaka Utara|-3.10452|121.12427|Kabupaten Kolaka Utara,North Kolaka Regency
ADM2|28|8105|9165706|Kabupaten Kepulauan Aru|-6.17059|134.46991|Aru Islands
ADM2|29|8201|9165708|Kabupaten Halmahera Barat|1.41709|127.55264|Halmahera Barat,West Halmahera Regency
ADM2|PS|9414|9165710|Kabupaten Mappi|-6.49971|139.34441|Kabupaten Mappi,Mappi Regency
ADM2|PS|9415|9165711|Kabupaten Asmat|-5.3795|138.46344|Asmat Regency,Kabupaten Asmat
ADM2|14|6409|9165729|Kabupaten Penajam Paser Utara|-1.20333|116.57169|Kabupaten Penajam Paser Utara,North Penajam Paser Regency
ADM2|26|1206|9165769|Kabupaten Toba Samosir|2.39793|99.21678|Kabupaten Toba Samosir,Toba Samosir Regency
ADM2|24|1310|9165770|Kabupaten Solok Selatan|-1.23333|101.417|South Solok Regency
ADM2|32|1607|9165775|Kabupaten Banyu Asin|-2.88333|104.38306|Banyuasin Regency
ADM2|15|1804|9165778|Kabupaten Lampung Timur|-5.10273|105.68003|East Lampung Regency
ADM2|18|5314|9165782|Kabupaten Rote Ndao|-10.73617|123.12054|Rote Ndao Regency
ADM2|38|7322|9165788|Kabupaten Luwu Utara|-2.6|120.25|Kabupaten Luwu Utara,North Luwu Regency
ADM2|29|8205|9165798|Kabupaten Halmahera Utara|1.73194|128.00778|North Halmahera Regency
ADM2|18|5311|9165840|Kabupaten Ende|-8.84056|121.66389|Ende Regency
ADM2|34|7505|9165866|Kabupaten Gorontalo Utara|0.86508|123.04891|North Gorontalo Regency
ADM2|31|7106|9165868|Kabupaten Minahasa Utara|1.4025|124.96|North Minahasa Regency
ADM2|28|8103|9165982|Kabupaten Maluku Tengah|-3.29167|128.9675|
ADM2|28|8106|9165987|Kabupaten Seram Bagian Barat|-3.1027|128.42996|Seram Bagian Barat Regency,West Seram Regency
ADM2|32|1608|9165989|Kabupaten Ogan Komering Ulu Selatan|-4.65728|104.00659|
ADM2|13|6207|9165993|Kabupaten Lamandau|-1.83828|111.2869|Kabupaten Lamandau,Lamandau Regency
ADM2|28|8104|9165994|Kabupaten Buru|-3.32767|126.68413|Buru Regency
ADM2|29|8206|9165995|East Halmahera Regency|1.33517|128.48627|East Halmahera Regency,Kabupaten Halmahera Timur
ADM2|22|7407|9165996|Wakatobi Regency|-5.31934|123.5948|Kabupaten Wakatobi,Wakatobi Regency
ADM2|22|7403|9165997|Kabupaten Konawe|-3.91717|122.08823|Kabupaten Konawe,Konawe Regency
ADM2|22|7405|9165998|Kabupaten Konawe Selatan|-4.19191|122.44854|Kabupaten Konawe Selatan,South Konawe Regency
ADM2|28|8107|9165999|Kabupaten Seram Bagian Timur|-3.39851|130.39167|East Seram Regency,Kabupaten Seram Bagian Timur
ADM2|PS|9413|9166001|Kabupaten Boven Digoel|-5.70519|140.36349|Boven Digoel Regency,Kabupaten Boven Digoel
ADM2|39|9104|9166002|Kabupaten Teluk Bintuni|-1.88037|133.33105|Kabupaten Teluk Bintuni,Teluk Bintuni Regency
ADM2|24|1311|9166041|Kabupaten Dharmasraya|-1.2506|101.58645|Dharmasraya Regency
ADM2|32|1604|9166049|Lahat Regency|-3.7864|103.5428|Kabupaten Lahat,Lahat Regency
ADM2|32|1609|9166051|Kabupaten Ogan Komering Ulu Timur|-3.85679|104.75209|Kabupaten Ogan Komering Ulu,Ogan Komering Ulu Regency
ADM2|15|1801|9166059|Kabupaten Lampung Barat|-5.14904|104.19309|West Lampung Regency
ADM2|11|6109|9166118|Kabupaten Sekadau|0.03485|110.95066|Sekadau Regency
ADM2|13|6206|9166125|Kabupaten Sukamara|-2.62675|111.23681|Kabupaten Sukamara,Sukamara Regency
ADM2|22|7406|9170724|Kabupaten Bombana|-4.6257|121.81641|Bombana Regency
ADM2|29|8203|9172043|Kabupaten Kepulauan Sula|-1.8646|125.69046|Kepulauan Sula
ADM2|36|9408|9172045|Kabupaten Kepulauan Yapen|-1.78773|136.27716|Menyutuning Kabupaten Kepulauan Yapen,Yapen Islands Regency
ADM2|36|9427|9172047|Kabupaten Supiori|-0.73881|135.61111|Supiori Regency
ADM2|PT|9412|9172049|Kabupaten Mimika|-4.54357|136.56555|Kabupaten Mimika,Mimika Regency
ADM2|PT|9411|9172050|Kabupaten Puncak Jaya|-3.48821|137.77029|Kabupaten Puncak Jaya,Puncak Jaya Regency
ADM2|12|6310|9780988|Kabupaten Tanah Bumbu|-3.45413|115.70372|Kabupaten Tanah Bumbu,Tanah Bumbu Regency
ADM2|21|7210|9781856|Kabupaten Sigi|-1.385|119.96694|Kabupaten Sigi,Sigi Regency
ADM2|05|1505|9782270|Kabupaten Muaro Jambi|-1.55214|103.82163|Muaro Jambi Regency
ADM2|35|1905|9821904|Kabupaten Bangka Selatan|-2.66803|106.01257|South Bangka Regency
ADM2|35|1904|9821905|Kabupaten Bangka Tengah|-2.33989|106.1142|Central Bangka Regency
ADM2|35|1903|9821906|Kabupaten Bangka Barat|-1.95839|105.53741|West Bangka Regency
ADM2|35|1906|9821907|Kabupaten Belitung Timur|-2.9627|108.15216|East Belitung Regency
ADM2|40|2101|9821909|Kabupaten Karimun|0.80764|103.41911|Karimun Regency
ADM2|26|1220|9821910|Kabupaten Padang Lawas Utara|1.46011|99.67346|North Padang Lawas Regency
ADM2|26|1219|9821911|Kabupaten Batu Bara|3.16166|99.52652|Batubara Regency
ADM2|26|1221|9821912|Kabupaten Padang Lawas|1.15659|99.81136|Padang Lawas Regency
ADM2|26|1223|9821913|Kabupaten Labuhan Batu Utara|2.33349|99.63776|North Labuhan Batu Regency
ADM2|03|1709|9821946|Kabupaten Bengkulu Tengah|-3.67775|102.39648|Central Bengkulu Regency
ADM2|31|7110|9821949|Kabupaten Bolaang Mongondow Selatan|0.40912|123.75961|South Bolaang Mongondow Regency
ADM2|31|7111|9821950|Kabupaten Bolaang Mongondow Timur|0.72073|124.50256|East Bolaang Mongondow Regency
ADM2|31|7107|9821951|Kabupaten Bolaang Mongondow Utara|0.78527|123.41766|North Bolaang Mongondow Regency
ADM2|14|6474|9821952|Kota Bontang|0.12526|117.49603|
ADM2|28|8109|9821953|Kabupaten Buru Selatan|-3.52187|126.59271|South Buru Regency
ADM2|22|7409|9821954|Kabupaten Buton Utara|-5.01457|122.93015|North Buton Regency
ADM2|37|1473|9821955|Kota Dumai|1.61592|101.4917|
ADM2|PT|9436|9821956|Kabupaten Deiyai|-4.15287|136.40567|Deiyai Regency
ADM2|PT|9434|9821957|Kabupaten Dogiyai|-4.03186|135.43945|Dogiyai Regency
ADM2|32|1611|9821958|Kabupaten Empat Lawang|-3.71629|102.94511|
ADM2|22|7412|9827965|Kabupaten Konawe Kepulauan|-4.11656|123.10181|Konawe Islands Regency
ADM2|41|7606|9827966|Kabupaten Mamuju Tengah|-2.0216|119.54054|Central Mamuju Regency
ADM2|39|9111|9827967|Kabupaten Manokwari Selatan|-1.60532|134.00313|South Manokwari Regency
ADM2|21|7212|9827971|Kabupaten Morowali Utara|-1.7207|121.24649|North Morowali Regency
ADM2|32|1613|9827972|Kabupaten Musi Rawas Utara|-2.70606|102.7632|North Musi Rawas Regency
ADM2|30|3218|9827974|Kabupaten Pangandaran|-7.6673|108.64037|Pangandaran Regency
ADM2|39|9112|9828026|Kabupaten Pegunungan Arfak|-1.20256|133.70651|Arfak Mountains Regency
ADM2|32|1612|9828027|Kabupaten Penukal Abab Lematang Ilir|-3.21342|104.08722|Penukal Abab Lematang Ilir Regency
ADM2|15|1813|9828028|West Pesisir Regency|-5.19323|103.93976|Kabupaten Pesisir Barat,West Pesisir Regency
ADM2|29|8208|9828029|Kabupaten Pulau Taliabu|-1.84578|124.78992|Taliabu Island Regency
ADM2|03|1704|9828030|Kabupaten Kaur|-4.78179|103.36109|Kaur Regency
ADM2|11|6111|9828031|Kabupaten Kayong Utara|-1.06023|110.10402|North Kayong Regency
ADM2|03|1708|9828032|Kabupaten Kepahiang|-3.60194|102.56424|Kepahiang Regency
ADM2|37|1410|9828033|Kabupaten Kepulauan Meranti|0.97488|102.69539|Kepulauan Meranti Regency
ADM2|31|7104|9828034|Kabupaten Kepulauan Talaud|4.31178|126.78085|Talaud Islands Regency
ADM2|22|7410|9828035|Kabupaten Konawe Utara|-3.41552|121.99081|North Konawe Regency
ADM2|31|7174|9828036|Kota Kotamobagu|0.68915|124.32678|
ADM2|11|6112|9828037|Kabupaten Kubu Raya|-0.31924|109.51865|Kubu Raya Regency
ADM2|14|6402|9828038|Kabupaten Kutai Barat|-0.59417|115.51575|West Kutai Regency
ADM2|14|6403|9828039|Kabupaten Kutai Kartanegara|-0.44019|116.98139|Kutai Kartanegara Regency
ADM2|PE|9430|9828040|Kabupaten Lanny Jaya|-3.91244|138.28766|Lanny Jaya Regency
ADM2|03|1707|9828041|Kabupaten Lebong|-3.24278|102.3349|Lebong Regency
ADM2|32|1674|9828042|Kota Lubuklinggau|-3.29308|102.85503|
ADM2|28|8108|9828043|Kabupaten Maluku Barat Daya|-7.8296|126.17386|Kabupaten des Moluques du Sud-Ouest,Southwest Maluku Regency,Suedwestmolukken,Südwestmolukken
ADM2|28|8101|9828704|Kabupaten Maluku Tenggara Barat|-7.61186|131.38|Western Southeast Maluku Regency
ADM2|36|9428|9828781|Kabupaten Mamberamo Raya|-2.23561|137.78229|Mamberamo Raya Regency
ADM2|PE|9431|9828820|Kabupaten Mamberamo Tengah|-3.62733|139.06483|Central Mamberamo Regency
ADM2|41|7605|9828890|Kabupaten Mamuju Utara|-1.51639|119.42139|North Mamuju Regency
ADM2|18|5319|9828927|Kabupaten Manggarai Timur|-8.55533|120.59761|East Manggarai Regency
ADM2|PD|9110|9828956|Kabupaten Maybrat|-1.2155|132.35092|Maybrat Regency
ADM2|11|6110|9828958|Kabupaten Melawi|-0.33617|111.698|Melawi Regency
ADM2|05|1502|9828959|Kabupaten Merangin|-2.06933|102.13303|Merangin Regency
ADM2|15|1872|9828960|Kota Metro|-5.11856|105.29949|
ADM2|31|7109|9828962|Kabupaten Minahasa Tenggara|1.05633|124.7925|Southeast Minahasa Regency
ADM2|03|1706|9828963|Kabupaten Mukomuko|-3.07438|101.54766|Mukomuko Regency
ADM2|18|5318|9828965|Kabupaten Nagekeo|-8.8721|121.20963|Nagekeo Regency
ADM2|PE|9429|9828977|Kabupaten Nduga|-4.45093|138.10089|Nduga Regency
ADM2|26|1225|9828978|Kabupaten Nias Barat|1.05966|97.58606|West Nias Regency
ADM2|26|1224|9843567|Kabupaten Nias Utara|1.33037|97.31964|North Nias Regency
ADM2|26|1277|9843575|Kota Padangsidimpuan|1.37375|99.26843|
ADM2|38|7373|9843582|Kota Palopo|-2.97841|120.11078|
ADM2|24|1377|9843591|Kota Pariaman|-0.62682|100.12047|
ADM2|14|6401|9843600|Kabupaten Paser|-1.43517|116.23535|Paser Regency
ADM2|15|1809|9843606|Kabupaten Pesawaran|-5.4298|105.17899|Pesawaran Regency
ADM2|15|1810|9844898|Kabupaten Pringsewu|-5.42211|104.93454|Pringsewu Regency
ADM2|29|8207|9844899|Kabupaten Pulau Morotai|2.19924|128.40546|Morotai Island Regency
ADM2|37|1409|9844900|Kabupaten Rokan Hilir|2.16599|100.82514|Rokan Hilir Regency
ADM2|37|1405|9844901|Kabupaten Siak|0.97453|102.01355|Siak Regency
ADM2|18|5320|9844902|Kabupaten Sabu Raijua|-10.56286|121.78894|Sabu Raijua Regency
ADM2|03|1705|9845356|Kabupaten Seluma|-3.96644|102.47429|Seluma Regency
ADM2|33|3673|9845383|Kota Serang|-6.12563|106.14999|
ADM2|11|6172|9845433|Kota Singkawang|0.90734|109.00103|San Keuw Jong
ADM2|PD|9171|9845465|Kota Sorong|-0.86507|131.25152|Sorong City
ADM2|18|5317|9845472|Kabupaten Sumba Barat Daya|-9.56216|119.08905|Southwest Sumba Regency
ADM2|18|5316|9845473|Kabupaten Sumba Tengah|-9.62941|119.61914|Central Sumba Regency
ADM2|05|1572|9845476|Kota Sungai Penuh|-2.10896|101.32175|
ADM2|PD|9109|9845477|Kabupaten Tambrauw|-0.60515|132.48962|Kabupaten Tambrauw,Tambrauw Regency
ADM2|33|3674|9845480|Kota Tangerang Selatan|-6.29373|106.71244|South Tangerang
ADM2|15|1802|9845482|Kabupaten Tanggamus|-5.38508|104.62349|Tanggamus Regency
ADM2|05|1507|9845496|Kabupaten Tanjung Jabung Barat|-1.1544|103.24402|West Tanjung Jabung Regency
ADM2|05|1506|9845498|Kabupaten Tanjung Jabung Timur|-1.13198|103.61755|East Tanjung Jabung Regency
ADM2|05|1508|9845500|Kabupaten Tebo|-1.45576|102.37473|Tebo Regency
ADM2|29|8272|9845501|Kota Tidore Kepulauan|0.60962|127.56981|City of Tidore Islands
ADM2|PE|9418|9846653|Kabupaten Tolikara|-3.48799|138.40039|Tolikara Regency
ADM2|21|7206|9846654|Kabupaten Toli-Toli|1.30862|120.88643|Tolitoli Regency
ADM2|31|7173|9846655|Kota Tomohon|1.31307|124.83404|
ADM2|38|7326|9846656|Kabupaten Toraja Utara|-2.92738|119.79218|North Toraja Regency
ADM2|28|8172|9846657|Kota Tual|-5.64301|132.74935|
ADM2|15|1812|9846658|Kabupaten Tulang Bawang Barat|-4.43356|105.16004|West Tulang Bawang Regency
ADM2|PE|9416|9846659|Kabupaten Yahukimo|-4.60403|139.58405|DEX,Yahukimo Regency
ADM2|PE|9432|9846662|Kabupaten Yalimo|-3.78805|139.42183|Yalimo Regency
ADM2|26|1278|9846663|Kota Gunungsitoli|1.32731|97.55018|
ADM2|PT|9435|9846664|Kabupaten Intan Jaya|-3.41016|136.70837|Intan Jaya Regency
ADM2|21|7211|9846665|Kabupaten Banggai Laut|-1.61841|123.49388|Banggai Laut Regency
ADM2|22|7411|9846666|Kabupaten Kolaka Timur|-4.01807|121.86172|East Kolaka Regency
ADM2|18|5321|9846667|Kabupaten Malaka|-9.5632|124.89481|Malaka,Malaka Regency
ADM2|14|6404|9846668|Kabupaten Kutai Timur|1.03769|117.83112|East Kutai Regency
ADM2|PT|9433|9846669|Kabupaten Puncak|-3.56104|137.31934|Puncak Regency
ADM2|31|7108|9846670|Kabupaten Siau Tagulandang Biaro|2.11728|125.37512|Sitaro Islands Regency
ADM2|04|3101|9849799|Kabupaten Administrasi Kepulauan Seribu|-5.80308|106.52257|Thousand Islands
ADM2|08|3579|9849812|Kota Batu|-7.83272|112.53751|
ADM2|14|6411|9849855|Kabupaten Mahakam Hulu|0.37822|115.38048|Mahakam Ulu Regency
ADM2|33|3671|9849891|Kota Tangerang|-6.17944|106.62991|Tangerang Regency
ADM2|40|2171|9849917|Kota Batam|1.05211|104.02851|
ADM2|40|2172|9849940|Kota Tanjung Pinang|0.91683|104.44329|Tanjung Pinang
ADM2|30|3279|9855467|Kota Banjar|-7.36996|108.53209|Banjar,Banjar City,Kota Administratif Banjar,Kota Banjar,Kotif Banjar
ADM2|22|7415|10924520|Kabupaten Buton Selatan|-5.56667|122.7|Kabupaten Buton Selatan,South Buton Regency
ADM2|22|7414|10924541|Kabupaten Buton Tengah|-5.26667|122.45|Central Buton Regency,Kabupaten Buton Tengah
ADM2|22|7413|10929337|Kabupaten Muna Barat|-4.83333|122.48333|Kabupaten Muna Barat,West Muna Regency
ADM1|PD||12503510|Southwest Papua|-0.87125|131.28162|Cənub-Qərbi Papua,Papouasie du Sud-Ouest,Papua Barat Daya,Papua Kusini Magharibi,Papua Sudoccidental,Papuai Ҷanubi Garbi,Papuasia Sudoeste,Papuásia Sudoeste,Papúa Sudoccidental,Southwest Papua,Suedwestpapua,Südwestpapua,dakhana-pachami papu'a,daksinapascima papuya,debubi-ምʾirabi ፓፑwa,nan xipapua zhou,papwa jnwb ghrby,swېl lwydyځ papwa,Папуаи Ҷануби Ғарбӣ,سوېل لويديځ پاپوا,پاپوا جنوب غربی,দক্ষিণপশ্চিম পাপুয়া,ਦੱਖਣ-ਪੱਛਮੀ ਪਾਪੁਆ,ደቡብ-ምዕራብ ፓፑዋ,南西パプア州
ADM1|PT||12503511|Central Papua|-3.36366|135.51232|Central Papua,Central Papua Province,Mərkəzi Papua,Papouasie centrale,Papua Central,Papua Kati,Papua Tengah,Papuai Markazi,Papuasia Central,Papuásia Central,Papúa Central,Provinsi Papua Tengah,Zentralpapua,kendari papu'a,kendriya papuya,maʾikelawi ፓፑwa,mrkzy papwa,papwa mrkzy,zhong bupapua zhou,Папуаи Марказӣ,مرکزي پاپوا,پاپوا مرکزی,কেন্দ্রীয় পাপুয়া,ਕੇਂਦਰੀ ਪਾਪੁਆ,ማዕከላዊ ፓፑዋ,中部パプア州
ADM1|PE||12503512|Highland Papua|-4.10171|138.94367|Dagliq Papua,Dağlıq Papua,Highland Papua,Hochland-Papua,Papouasie des Hautes Terres,Papua Pegunungan,Papua de las Tierras Altas,Papua ya Milima,Papuai Kˌullai,Papuasia das Terras Altas,Papuásia das Terras Altas,Papúa de las Tierras Altas,gao depapua zhou,kwhstany papwa,papwa kwhstany,parabati papu'a,uccabhumi papuya,Папуаи Қуллаи,پاپوا کوهستانی,کوهستاني پاپوا,উচ্চভূমি পাপুয়া,ਪਰਬਤੀ ਪਾਪੁਆ,ፓፑwa ፍ/beti,ፓፑዋ ፍ/ቤት,高地パプア州
ADM1|PS||12503513|South Papua|-8.4989|140.42759|Cənub Papua,Papouasie meridionale,Papouasie méridionale,Papua Kusini,Papua Meridional,Papua Selatan,Papuai Ҷanubi,Papuasia Meridional,Papuásia Meridional,Papúa Meridional,Provinsi Papua Selatan,South Papua,South Papua Province,Suedpapua,Südpapua,dakhani papu'a,daksina papuya,debubi ፓፑwa,nanpapua,papwa jnwby,swېl papwa,Папуаи Ҷануби,سوېل پاپوا,پاپوا جنوبی,দক্ষিণ পাপুয়া,ਦੱਖਣੀ ਪਾਪੁਆ,ደቡብ ፓፑዋ,南パプア
